Place,Address,Balance_BTC,Del_Week,Del_Month,Per_of_coins,First_In,Last_In,First_Out,Last_Out,Ins,Outs
1,34xp4vRoCGJym3xR7yCVPFHoCNxv4Twseo,252597,,,1.32,2018-10-18 12:59:18,2022-06-20 18:49:20,2018-10-18 13:19:26,2022-01-27 19:01:27,724,449
2,bc1qgdjqv0av3q56jvd82tkdjpy7gdp9ut8tlqmgrpmv24sq90ecnvqqjwvw97,168010,,,0.8805,2019-08-16 10:00:29,2022-06-16 22:52:05,2020-02-02 17:43:14,2021-11-12 13:40:40,95,78
3,1P5ZEDWTKTFGxQjZphgWPQUpe554WKDfHQ,131403,1211,3529,0.6887,2019-02-06 02:18:39,2022-06-29 20:29:00,2019-02-10 21:58:57,2022-06-09 21:29:56,758,82
4,3LYJfcfHPXYJreMsASk2jkn69LWEYKzexb,125351,8750,,0.6569,2019-06-17 11:52:41,2022-06-13 20:41:09,,,45,
5,3M219KR5vEneNb47ewrPfWyb5jQ2DjxRP6,101266,-6147,,0.5307,2018-11-13 14:11:02,2022-06-18 13:28:59,2018-11-13 14:11:02,2022-06-15 23:47:31,198,196
6,bc1qazcm763858nkj2dj986etajv6wquslv8uxwczt,94643,,,0.4960,2022-02-01 04:14:24,2022-06-16 22:52:05,,,44,
7,37XuVSEpWW4trkfmvWzegTHQt7BdktSKUs,94505,,,0.4953,2019-09-06 03:30:05,2022-06-03 14:56:43,2021-07-04 03:56:36,2021-07-04 04:10:14,133,2
8,1FeexV6bAHb8ybZjqQMjJrcCrHGW9sb6uF,79957,,,0.4190,2011-03-01 10:26:19,2022-06-29 10:52:51,,,423,
9,3Kzh9qAqVWQhEsfQz7zEQL1EuSx5tyNLNS,76655,10859,32515,0.4017,2015-08-25 00:28:20,2022-06-29 20:09:00,2015-08-25 20:44:05,2022-06-29 20:09:00,1591,1415
10,bc1qa5wkgaew2dkv56kfvj49j0av5nml45x9ek9hz6,69370,,,0.3636,2020-11-03 21:31:39,2022-06-16 22:52:05,,,47,
11,bc1qd4ysezhmypwty5dnw7c8nqy5h5nxg0xqsvaefd0qn5kq32vwnwqqgv4rzr,64300,7000,,0.3370,2021-10-11 12:39:15,2022-06-16 22:52:05,,,19,
12,bc1qm34lsc65zpw79lxes69zkqmk6ee3ewf0j77s3h,54016,-4327,47735,0.2831,2021-10-08 07:14:44,2022-06-30 08:35:27,2021-10-12 07:03:37,2022-06-30 08:35:27,387391,384388
13,1LdRcdxfbSnmCYYNdeYpUnztiYzVfBEQeC,53880,,,0.2824,2014-05-27 22:49:42,2022-06-16 22:52:05,,,135,
14,1AC4fMwgY8j9onSbXEWeH6Zan8QGMSdmtA,51830,,,0.2716,2018-01-07 14:45:18,2022-06-18 07:55:50,,,109,
15,3CkUo2ChW6ALJUrU2ugZPJMtisKMJKwz5M,50620,50620,,0.2653,2022-05-31 08:40:15,2022-06-22 23:21:21,,,3,
16,bc1qmxjefnuy06v345v6vhwpwt05dztztmx4g3y7wp,49826,,,0.2611,2022-03-25 17:03:13,2022-06-16 22:52:05,,,8,
17,1LruNZjwamWJXThX2Y8C2d47QqhAkkc5os,44000,,,0.2306,2019-11-24 15:11:20,2022-06-16 22:52:05,,,41,
18,1HiCfvt2NMyoTdUtjBApabZFCd5myJWJzG,38962,38962,,0.2042,2022-06-07 08:17:20,2022-06-16 22:52:05,,,42,
19,3LQUu4v9z6KNch71j7kbj8GPeAGUo1FW6a,37927,,,0.1988,2021-10-24 15:14:53,2022-06-16 22:52:05,,,4,
20,3LCGsSmfr24demGvriN4e3ft8wEcDuHFqh,37030,56.44,1876,0.1941,2019-10-01 03:09:30,2022-06-30 07:59:43,2019-10-09 04:48:15,2022-06-30 07:59:43,5060,4694
21,bc1q7ydrtdn8z62xhslqyqtyt38mm4e2c4h3mxjkug,36000,,,0.1887,2021-07-27 13:54:25,2022-06-16 22:52:05,,,19,
22,3JZq4atUahhuA9rLhXLMhhTo133J9rF97j,34497,-2500,-20628,0.1808,2018-11-02 20:14:44,2022-06-27 21:13:01,2018-11-04 16:08:55,2022-06-27 21:13:01,3842,3841
23,38UmuUqPCrFmQo4khkomQwZ4VbY2nZMJ67,34067,-25000,,0.1785,2016-03-14 22:20:01,2022-06-27 20:49:00,2016-03-15 17:57:11,2022-06-17 11:45:46,292,212
24,bc1qcdeadk07jkthules0yw9u9ue9pklvr608ez94jgwcf7h2ldzcg6qwxp9er,32542,32542,,0.1706,2022-06-15 06:25:54,2022-06-22 23:21:21,,,3,
25,12XqeqZRVkBDgmPLVY4ZC6Y4ruUUEug8Fx,32321,,,0.1694,2020-12-13 13:01:48,2022-06-16 22:52:05,2022-04-12 05:39:04,2022-04-23 12:41:04,26,10
26,bc1qx9t2l3pyny2spqpqlye8svce70nppwtaxwdrp4,31643,,,0.1658,2020-05-12 00:57:43,2022-06-16 22:52:05,2020-07-20 02:53:29,2020-07-20 02:53:29,4722,1
27,3FHNBLobJnbCTFTVakh5TXmEneyf5PT61B,31275,,,0.1639,2021-07-26 14:25:53,2022-06-22 23:21:21,,,4,
28,12ib7dApVFvg82TXKycWBNpN8kFyiAN1dr,31000,,,0.1625,2010-05-13 08:22:38,2022-06-30 07:04:27,2010-06-02 10:57:07,2010-07-24 23:35:23,138,4
29,385cR5DM96n1HvBDMzLHPYcw89fZAXULJP,29002,,,0.1520,2018-12-21 01:16:25,2022-05-13 18:17:53,2019-01-09 22:58:55,2022-05-13 18:17:53,123,73
30,bc1qjysjfd9t9aspttpjqzv68k0ydpe7pvyd5vlyn37868473lell5tqkz456m,28392,1170,,0.1488,2021-11-14 13:38:03,2022-06-16 22:52:05,2022-02-03 02:05:49,2022-05-17 03:25:02,76,32
31,12tkqA9xSoowkzoERHMWNKsTey55YEBqkv,28151,,,0.1475,2010-04-05 22:47:07,2022-06-16 22:52:05,,,140,
32,17MWdxfjPYP2PYhdy885QtihfbW181r1rn,24495,,,0.1284,2020-12-13 12:50:54,2022-06-16 22:52:05,,,13,
33,1aXzEKiDJKzkPxTZy9zGc3y1nCDwDPub2,24181,,,0.1267,2016-08-04 10:29:39,2022-02-10 19:30:08,2016-11-18 14:58:35,2021-12-23 13:50:47,217,214
34,19D5J8c59P2bAkWKvxSYw8scD3KUNWoZ1C,23969,,,0.1256,2020-12-13 11:33:04,2022-06-16 22:52:05,,,16,
35,3FupZp77ySr7jwoLYEJ9mwzJpvoNBXsBnE,23375,61.75,-15679,0.1225,2021-02-17 18:32:22,2022-06-30 00:15:39,2021-04-20 21:27:40,2022-06-28 22:17:18,372,338
36,14m3sd9HCCFJW4LymahJCKMabAxTK4DAqW,23220,10000,,0.1217,2020-03-09 03:20:10,2022-06-24 21:57:31,2020-03-09 06:59:21,2022-05-12 10:04:57,776,769
37,1932eKraQ3Ad9MeNBHb14WFQbNrLaKeEpT,22900,,,0.1200,2020-03-17 13:28:00,2021-06-13 20:07:16,,,29,
38,19r6sRMjuF5YnMPkohcD1fES8CdGGcpa9F,20680,506,,0.1084,2022-04-20 16:09:23,2022-06-17 00:55:41,,,30,
39,bc1qtw30nantkrh7y5ue73gm4mmy0zezfqxug3psr94sd967qwg7f76scfmr9p,20136,,,0.1055,2021-03-21 17:12:51,2021-03-21 19:32:52,2021-03-21 17:12:51,2021-03-21 18:47:47,165,40
40,17rm2dvb439dZqyMe2d4D6AQJSgg6yeNRn,20008,,,0.1049,2017-03-28 13:59:19,2022-06-22 23:21:21,2017-03-28 14:04:55,2017-03-28 14:04:55,65,1
41,bc1q4jchcr7nla277su5lpjzttxp3xg5j8wds5lcwg,19664,-4375,-1810,0.1031,2020-08-20 17:27:46,2022-06-30 07:59:43,2020-08-20 20:22:23,2022-06-30 07:59:43,5219,5215
42,1PeizMg76Cf96nUQrYg8xuoZWLQozU5zGW,19414,,,0.1017,2010-07-24 12:16:11,2022-06-17 00:55:41,,,97,
43,3K5dmrkBMS8ZVgERMLwiw7PJuG8GWTbo8e,18600,,,0.09748,2021-11-03 00:40:46,2022-06-17 00:55:41,,,3,
44,3EEDeu13ex19AqQBTZStVsAFy6j1gRwgWc,17653,14404,,0.09251,2021-06-09 15:47:22,2022-06-27 13:57:40,2021-06-10 12:37:12,2022-06-17 10:15:04,40,26
45,3H5JTt42K7RmZtromfTSefcMEFMMe18pMD,16786,,,0.08797,2018-12-23 00:50:38,2022-06-09 14:33:52,2019-01-28 18:14:31,2021-09-15 18:29:14,72,15
46,39gUvGynQ7Re3i15G3J2gp9DEB9LnLFPMN,16455,550.01,,0.08624,2021-02-24 13:55:08,2022-06-16 08:57:36,2021-06-29 12:40:38,2022-06-16 08:57:36,197,72
47,3FpYfDGJSdkMAvZvCrwPHDqdmGqUkTsJys,16406,1018,-40669,0.08598,2020-06-18 05:32:47,2022-06-30 08:07:26,2020-06-18 06:33:58,2022-06-26 02:57:26,2931,2769
48,15pqaBHFwFEphRqmXAPbs3QRLLPB7e2uMb,16320,679.72,945.26,0.08553,2021-08-10 21:29:15,2022-06-24 22:56:38,,,36,
49,34HpHYiyQwg69gFmCq2BGHjF1DZnZnBeBP,16307,,,0.08546,2021-10-22 20:49:49,2022-06-24 21:55:37,,,3,
50,bc1q080rkmk3kj86pxvf5nkxecdrw6nrx3zzy9xl7q,16268,1000,-710.12,0.08526,2020-10-20 11:06:25,2022-06-27 08:54:50,2020-10-21 04:38:22,2022-06-21 06:23:47,221,146
51,1GR9qNz7zgtaW5HwwVpEJWMnGWhsbsieCG,15746,,,0.08252,2018-01-22 17:05:59,2022-06-22 23:21:21,2018-01-22 22:14:04,2018-01-22 22:14:04,68,1
52,bc1qr4dl5wa7kl8yu792dceg9z5knl2gkn220lk7a9,15000,-2900,-8130,0.07862,2022-03-04 09:50:52,2022-06-29 09:50:47,2022-03-04 10:15:56,2022-06-29 09:50:47,65,50
53,1KUr81aewyTFUfnq4ZrpePZqXixd59ToNn,15000,,,0.07861,2019-07-19 21:30:09,2022-06-17 00:55:41,,,34,
54,3BMEXqGpG4FxBA1KWhRFufXfSTRgzfDBhJ,14770,,,0.07741,2017-07-18 03:32:04,2021-05-14 13:12:31,2017-07-28 04:11:19,2021-05-14 13:12:31,119,118
55,3EMVdMehEq5SFipQ5UfbsfMsH223sSz9A9,14510,,,0.07605,2019-02-01 15:46:33,2022-03-08 17:56:58,2020-08-15 16:55:25,2022-03-23 13:25:01,45,28
56,1MDq7zyLw6oKichbFiDDZ3aaK59byc6CT8,14500,-5000,-7900,0.07599,2018-09-28 14:43:50,2022-06-17 00:55:41,2020-03-17 13:28:00,2022-06-24 15:11:44,78,56
57,3DVJfEsDTPkGDvqPCLC41X85L1B1DQWDyh,14403,-1800,-3901,0.07549,2019-01-22 17:38:08,2022-06-24 21:49:34,2019-01-24 20:11:53,2022-06-24 21:49:34,200,156
58,1KVpuCfhftkzJ67ZUegaMuaYey7qni7pPj,14041,,,0.07358,2019-11-01 19:09:34,2022-06-17 00:55:41,2019-11-01 23:34:32,2022-06-04 12:59:00,17,2
59,1BZaYtmXka1y3Byi2yvXCDG92Tjz7ecwYj,14000,,,0.07337,2018-01-17 04:20:58,2022-06-17 00:55:41,,,52,
60,36rPiyFi4pZmnAyYbDTABqLN3WcWP6yJXS,13500,-1000,,0.07075,2018-09-25 17:16:55,2022-06-22 23:21:21,2018-09-25 17:16:55,2022-06-22 19:04:42,35,3
61,bc1q4vxn43l44h30nkluqfxd9eckf45vr2awz38lwa,13003,,,0.06815,2021-07-27 13:39:28,2022-06-17 00:55:41,,,9,
62,18saWjMCchDTGWunefuDJSWNdz4p6KtfBL,12933,3060,,0.06778,2018-12-04 19:03:14,2022-06-17 11:20:46,,,100,
63,1PL2cmmMLmGGDtqaSZJY8DR1iKJaziEPJv,12854,2981,,0.06736,2018-12-04 19:03:14,2022-06-21 22:00:43,,,91,
64,3HSMPBUuAPQf6CU5B3qa6fALrrZXswHaF1,12620,-62.82,-7392,0.06614,2021-03-31 22:50:28,2022-06-28 22:17:26,2021-05-13 21:28:09,2022-06-28 22:17:26,196,190
65,3EKWP3ZviLXudcoAfzammYQKwaz2zJKwQW,12332,-215.79,-563.28,0.06463,2020-11-04 12:58:52,2022-06-30 07:29:58,2020-11-04 13:21:36,2022-06-30 07:29:58,1643,1633
66,38gfemn6Ps54si7KeYZrPX3uLpiseuP7sX,12248,4746,,0.06419,2018-11-07 20:59:56,2022-06-30 07:59:43,2019-01-07 16:42:42,2022-06-29 22:29:47,1215,1211
67,1FZy7CPFA2UqqQJYUA1cG9KvdDFbSMBJYG,12195,-10076,-3473,0.06391,2021-12-15 20:53:12,2022-06-29 21:19:27,2021-12-16 00:54:27,2022-06-24 20:42:12,77,53
68,13nwifHUz5ZfHuQhk5ETJ4BhmqbuQdvTFp,12189,2316,,0.06388,2018-12-04 19:00:39,2022-06-22 01:12:11,,,92,
69,bc1qw0pswznckx7s6tjmd2f5hrx4q6kc5nyrdxku50,12017,205.88,894.28,0.06298,2021-07-25 14:18:37,2022-06-30 02:26:39,,,333,
70,3GWUKxq55XsQ7rkzbxAgfSyf6KHp8Ljh3R,12000,,,0.06289,2021-04-27 03:19:57,2022-06-17 00:55:41,2021-04-27 09:11:48,2022-04-12 13:24:21,36,11
71,1Cr7EjvS8C7gfarREHCvFhd9gT3r46pfLb,11400,2350,,0.05974,2018-01-07 12:57:49,2022-06-17 00:55:41,2019-10-11 08:09:16,2021-01-09 12:48:33,65,6
72,bc1qqn4q5yv7feltnsfwzxwm3fluryqqzhhp6457h6m4ytq7mauxlxgq872p5f,11371,-4500,-3250,0.05959,2021-01-13 12:12:52,2022-06-27 12:25:44,2021-03-25 21:28:25,2022-06-27 12:25:44,66,65
73,35pgGeez3ou6ofrpjt8T7bvC9t6RrUK4p6,11285,1069,1849,0.05914,2020-06-08 15:39:51,2022-06-29 15:49:41,2020-06-16 14:15:16,2022-06-27 14:32:55,527,400
74,1F34duy2eeMz5mSrvFepVzy7Y1rBsnAyWC,10771,,,0.05645,2011-08-08 22:14:47,2022-06-17 00:55:41,,,94,
75,bc1qud9pc3ne0e94cuyvea9eg97jwe7hjqczyw0g5wgza8xnwu6c4ewspeh3qs,10500,10500,,0.05503,2022-06-20 06:34:26,2022-06-24 21:57:31,,,2,
76,bc1qhd0r5kh3u9mhac7de58qd2rdfx4kkv84kpx302,10500,,,0.05503,2020-12-28 19:43:53,2022-06-17 00:55:41,,,13,
77,bc1qjh0akslml59uuczddqu0y4p3vj64hg5mc94c40,10297,,,0.05396,2021-03-11 14:37:20,2022-06-22 23:21:21,2021-04-01 07:16:15,2021-04-01 07:16:15,7,1
78,bc1qu5mhu0nghreufhrvp8rrnuftlmukjhdarw8hxscjmwxxpf7csqnsnpy60t,10296,10296,,0.05396,2022-06-07 06:40:30,2022-06-24 21:57:31,,,3,
79,1f1miYFQWTzdLiCBxtHHnNiW7WAWPUccr,10009,,,0.05246,2011-05-04 02:10:49,2022-06-17 01:10:26,,,72,
80,bc1qsxdxm0exqdsmnl9ejrz250xqxrxpxkgf5nhhtq,10002,,,0.05242,2021-08-14 04:37:58,2022-06-17 01:10:26,,,2,
81,bc1qtef0p08lputg4qazhx2md43ynhc9kp20pn297qnz68068d9z48asmemanj,10001,,,0.05241,2021-11-12 12:19:27,2022-06-17 01:10:26,2022-04-22 17:31:00,2022-04-22 17:31:00,4,2
82,1BAFWQhH9pNkz3mZDQ1tWrtKkSHVCkc3fV,10000,,,0.05241,2011-05-04 02:01:23,2022-06-17 01:10:26,,,43,
83,bc1qe75775tzuvspl59cw77ycc472jl0sgue69x3up,10000,,,0.05241,2021-12-31 12:48:41,2022-06-17 01:10:26,,,22,
84,14YK4mzJGo5NKkNnmVJeuEAQftLt795Gec,10000,,,0.05241,2011-05-04 01:40:51,2022-06-17 01:10:26,,,54,
85,1Ki3WTEEqTLPNsN5cGTsMkL2sJ4m5mdCXT,10000,,,0.05241,2017-10-16 23:18:28,2022-06-17 01:10:26,,,42,
86,35WHp4Hid61peyH4tuhNunwRj2gtNB41Lo,10000,5000,,0.05241,2022-05-09 10:08:09,2022-06-17 01:10:26,,,12,
87,1KbrSKrT3GeEruTuuYYUSQ35JwKbrAWJYm,10000,,,0.05241,2011-04-02 22:18:45,2022-06-17 01:10:26,,,64,
88,1P1iThxBH542Gmk1kZNXyji4E4iwpvSbrt,10000,,,0.05241,2011-05-04 01:14:27,2022-06-17 01:10:26,,,50,
89,12tLs9c9RsALt4ockxa1hB4iTCTSmxj2me,10000,,,0.05241,2011-04-02 21:08:32,2022-06-17 01:10:26,,,51,
90,1ucXXZQSEf4zny2HRwAQKtVpkLPTUKRtt,10000,,,0.05241,2011-05-04 02:01:23,2022-06-17 01:10:26,,,39,
91,1CPaziTqeEixPoSFtJxu74uDGbpEAotZom,10000,,,0.05241,2011-05-04 01:28:05,2022-06-17 01:10:26,,,38,
92,1LfV1tSt3KNyHpFJnAzrqsLFdeD2EvU1MK,10000,,,0.05241,2014-02-05 17:33:30,2022-04-06 03:22:51,2017-09-22 16:59:21,2018-04-19 12:34:31,75,13
93,bc1q5nfww5jn5k4ghg7dpa4gy85x7uu3l4g0m0re76,10000,,,0.05241,2022-05-19 18:28:46,2022-06-17 01:10:26,,,22,
94,bc1qvy0sp8cdj3cv2wwh05scucxw6vxqpdlhfjvqn8,10000,,,0.05241,2022-05-11 15:16:02,2022-06-17 01:10:26,,,21,
95,bc1qm6q8tgml3cr9gpx63a5jqtj2dxlsyz4q3ghjlf,10000,,,0.05241,2022-04-08 12:20:03,2022-06-17 01:10:26,,,19,
96,bc1q4srun4yspqem2pqgk47eq9jspcht3fmyrmfdeu,10000,,,0.05241,2022-05-04 20:08:02,2022-06-17 01:10:26,,,21,
97,bc1qe39l9l84sa44r9j2jjkgdc7p4ltj3sracd932k,10000,,,0.05241,2022-04-25 10:11:59,2022-06-17 01:10:26,,,21,
98,1EU2pMence1UfifCco2UHJCdoqorAtpT7,10000,,,0.05241,2018-05-29 21:32:08,2022-06-17 01:10:26,,,27,
99,bc1qlkdlchlylfdkspvevnlqqlmt4l222hwva2z3n7,9906,,,0.05192,2021-07-29 17:26:47,2022-06-17 01:50:18,,,2,
100,bc1qg6kqkkaexnxpvle8w3zy5j7w4k9uz5rqmrx5lw,9905,,,0.05191,2021-07-29 17:26:47,2022-06-17 01:50:18,,,2,
101,bc1qqdykm85ycxjqjh5hrkwmewts02mm6ku5rlck3m,9904,,,0.05191,2021-07-29 19:42:19,2022-06-17 01:50:18,,,2,
102,bc1qgc5h9vz0zp4cmlxuw0h6jgryetq08e4twen03f,9903,,,0.05190,2021-07-29 19:29:09,2022-06-17 01:50:18,,,2,
103,bc1qxv55wuzz4qsfgss3uq2zwg5y88d7qv5hg67d2d,9901,,,0.05189,2021-07-29 17:26:47,2022-06-17 01:50:18,,,3,
104,bc1qmjpguunz9lc7h6zf533wtjc70ync94ptnrjqmk,9901,,,0.05189,2021-07-29 19:29:09,2022-06-17 03:10:10,,,2,
105,bc1qyr9dsfyst3epqycghpxshfmgy8qfzadfhp8suk,9900,,,0.05189,2021-07-29 19:29:09,2022-06-17 03:10:10,,,2,
106,bc1q8qg2eazryu9as20k3hveuvz43thp200g7nw7qy,9900,,,0.05189,2021-07-29 19:29:09,2022-06-17 03:10:10,,,2,
107,bc1q4ffskt6879l4ewffrrflpykvphshl9la4q037h,9895,,,0.05186,2021-07-29 20:31:26,2021-07-29 20:31:26,,,1,
108,15ZQJagAa2iUCwpQXUUCZ4BfzFW5TAVyJj,9873,,,0.05174,2018-12-04 22:05:14,2022-05-19 16:24:43,,,65,
109,12Gjyd3MMR7Dj2KwCxw71wwzZXVp2xy8nK,9873,,,0.05174,2018-12-04 22:05:14,2022-05-19 16:24:43,,,65,
110,14KzHoS5dXbhy2kBevNKLz2ZMtjaqHkKWZ,9873,,,0.05174,2018-12-04 22:05:14,2022-05-19 16:08:36,,,65,
111,1E1SKgxgYJFXzaLxgat2FNSnwWeKz1U15N,9873,,,0.05174,2018-12-04 22:49:42,2022-05-19 16:24:43,,,63,
112,1C7u4Zqu6ZZRsiKsFMYVDvNLfCwsGrbeTq,9873,,,0.05174,2018-12-04 22:05:14,2022-05-19 16:24:43,,,65,
113,17SAATrqavNbzmqBwqxzZc7rK6u9Rmi9hE,9873,,,0.05174,2018-12-04 22:05:14,2022-05-19 16:08:36,,,65,
114,1Dt4Q2ofKUtHwvjN45tAUfikNBfJrDERcZ,9873,,,0.05174,2018-12-04 21:58:43,2022-05-19 16:08:36,,,80,
115,13pTeUzSU4nwkM72hM6e8AcP2d8LudZBjc,9873,,,0.05174,2018-12-04 22:05:14,2022-05-19 16:24:43,,,65,
116,18oRfGoPpb6bkQdACnD6dVYWceeWURK5R6,9873,,,0.05174,2018-12-04 22:05:14,2022-05-19 16:24:43,,,64,
117,1M9pAdfhGHtQkhGRijApWAkkrPCduvV6Zi,9873,,,0.05174,2018-12-04 22:05:14,2022-05-19 16:24:43,,,67,
118,3265tcUcp8dBhBBwp4rKN3iyUptuHkzMq7,9759,,,0.05114,2021-01-02 10:05:12,2021-10-01 04:20:42,2021-01-02 10:18:59,2021-01-02 10:18:59,22,1
119,1KLay1g7rZxAiotuDhGy5YizdXSpqkFxQ9,9724,,,0.05096,2018-12-04 22:49:42,2022-05-20 00:31:56,,,67,
120,bc1qsm3kjcmp63jsuyrqh58kc6k4ydpactjy6r7a6f,9631,,,0.05048,2021-07-29 19:42:19,2022-06-17 03:10:10,,,2,
121,1gvH7pGPrEBNjqmwYS8UDhjFQkyqkKCLE,9625,,,0.05044,2018-12-04 22:49:42,2022-05-20 00:31:56,,,66,
122,bc1qajh7jfy44sswutqlwj2tz9wcejpxrgflc8penw,9500,,,0.04979,2020-12-28 19:57:01,2021-06-25 02:29:38,,,10,
123,1P9fAFAsSLRmMu2P7wZ5CXDPRfLSWTy9N8,9425,,,0.04939,2017-10-15 22:32:51,2022-04-24 13:50:00,,,33,
124,1HLvaTs3zR3oev9ya7Pzp3GB9Gqfg6XYJT,9260,,,0.04853,2010-03-18 13:37:36,2022-04-01 06:02:45,,,84,
125,3KiC6mvNu5GBPnxKhtHKS88Km3UWVxhWtx,9200,9200,9200,0.04822,2022-06-27 10:16:25,2022-06-27 22:57:47,,,7,
126,bc1qh4cpaydaqlzez8ekkasm3ygj4us7gwxsghh047,9112,,,0.04775,2020-12-28 19:43:53,2022-06-17 03:10:10,,,14,
127,bc1q78wmm8xnhveklsparpeq6drlg9wlq4lyahkqfp,9099,,,0.04769,2020-12-28 19:43:53,2021-06-23 07:14:31,,,9,
128,3DwVjwVeJa9Z5Pu15WHNfKcDxY5tFUGfdx,9000,,,0.04717,2020-02-29 16:49:31,2021-12-30 22:29:06,2020-03-03 01:24:34,2021-12-30 22:29:06,29,4
129,1J1F3U7gHrCjsEsRimDJ3oYBiV24wA8FuV,9000,,,0.04717,2011-05-28 02:38:12,2022-04-05 00:01:56,2011-05-28 02:54:48,2022-04-05 00:01:56,2453,2452
130,167ZWTT8n6s4ya8cGjqNNQjDwDGY31vmHg,8999,,,0.04716,2010-08-09 21:35:11,2021-06-25 02:29:38,,,42,
131,bc1qvjl5g620lx8p0dv6amdma5f8gh0cv6dqq295a5,8901,8901,8901,0.04665,2022-06-30 07:59:43,2022-06-30 07:59:43,,,1,
132,36NkTqCAApfRJBKicQaqrdKs29g6hyE4LS,8774,,,0.04598,2021-03-11 00:46:25,2022-06-30 00:15:39,2021-03-29 21:16:19,2022-06-24 21:49:34,265,183
133,bc1qhszrd0ef5we6mg3r7xgl05g8rx06xll8yrwmjh,8611,,,0.04513,2020-12-28 19:43:53,2021-07-06 13:13:11,,,9,
134,3ETUmNhL2JuCFFVNSpk8Bqx2eorxyP9FVh,8597,,,0.04506,2020-04-08 21:23:42,2022-06-16 22:17:44,2020-05-02 00:39:57,2022-06-16 22:17:44,214,195
135,187zSqAYwMKJAxWdWQ4fmp5DyT6G2NPgD7,8539,8539,8539,0.04475,2022-06-25 10:59:26,2022-06-25 10:59:26,,,1,
136,1FzyryYKneS4wTrKKZUyP3oJXkiyRsMYfr,8500,,,0.04455,2022-03-28 20:14:28,2022-06-24 21:57:31,,,3,
137,bc1qdhvtwg0eealy5d2spua2a89sq05ydvtgjy4uau,8500,,,0.04455,2022-05-26 12:11:48,2022-05-31 10:04:43,,,16,
138,366koi4ZU7FyoyN3qXarLGMze8kFdq3Uh1,8454,8454,,0.04431,2022-06-13 09:13:32,2022-06-24 21:57:31,,,3,
139,1Le1X8LJb4VkFsfktiUY7V7wMRhniu5Xgn,8176,,,0.04285,2018-12-05 19:19:25,2021-07-27 10:21:02,,,60,
140,15URsTiy1ksoMMV7DuEi9hvSqHgqobAtKa,8175,,,0.04285,2018-12-05 01:54:46,2022-03-05 17:57:51,,,64,
141,16dyizLarM2N4UjGaEFPESNmJC5vEALtZX,8175,,,0.04285,2018-12-05 02:42:05,2021-07-27 10:08:43,,,60,
142,1BbSZNNhoBUCFGMfnscBDXf7PH1takoMga,8175,,,0.04285,2018-12-05 02:23:17,2021-07-27 10:08:43,,,59,
143,1Gtpfqoo8stQw2E4vCbZZbJBBZvYzzCeRy,8175,,,0.04285,2018-12-05 02:42:05,2021-07-27 10:12:23,,,65,
144,12yePmcVhMzzHYwh4BpVF3Cm1bYL9mqyKc,8175,,,0.04285,2018-12-04 22:45:53,2021-07-27 10:08:43,,,60,
145,1Fjom9b9wvp3HPi2ZS9hqXQwJpXcjumSYJ,8175,,,0.04285,2018-12-05 14:38:08,2021-07-27 10:12:23,,,64,
146,16BiUbH8yxFmCJs4ArtyTgHKfXQFvkvPNr,8175,,,0.04285,2018-12-05 02:42:05,2021-07-27 10:08:43,,,61,
147,1Eqj1APg1dkcPH7CmHJ6SzRwtJRLpxtBFA,8173,,,0.04283,2018-12-05 19:19:25,2021-07-27 11:11:24,,,63,
148,1QHVStz4ALAF8LFokjLy9QFaZKUFdraxeo,8150,,,0.04271,2018-12-18 11:05:30,2021-06-28 11:01:26,,,18,
149,19F4xZNBxtPAdMqFudr2LDH5efeeUYF21x,8137,,,0.04264,2018-12-05 19:19:25,2021-07-27 10:21:02,,,61,
150,157ZXCYfK6NqBiFLkoLDt3PN8KyE8xdTu5,8116,,,0.04253,2018-12-05 19:13:56,2021-07-27 11:33:41,,,59,
151,1GcPTDtNXuPghJU5qSGvkPQ99nhWrbQaYR,8022,,,0.04204,2020-09-04 03:45:03,2022-05-07 00:02:11,,,62,
152,1GaSQcWg3R98qf5sTWetwjjMh6ehxj25Gp,8022,,,0.04204,2020-06-03 11:59:14,2022-05-07 00:02:11,,,61,
153,1GBzbXJmcMjnDyTW2yKJFfeXUGicG1zpC4,8022,,,0.04204,2020-04-28 09:26:08,2022-05-06 23:59:15,,,65,
154,13TM7PLtf1Ujo9t9pk9RSyrv1ts119PNK5,8022,,,0.04204,2020-03-13 04:05:23,2022-05-06 23:59:15,,,60,
155,1MH8s3qc4F2GZNod1R43qeysSB2ssZCXb,8022,,,0.04204,2020-08-10 11:44:27,2022-05-07 00:02:11,,,61,
156,12T7nyMrAnd13UAMYCCJZ8Fw7PpMGPRFsi,8022,,,0.04204,2020-05-11 14:46:13,2022-05-06 23:59:15,,,66,
157,1LjUYdf8mQk9DsrVvuPYeHyJKQq5V1MLsT,8022,,,0.04204,2020-03-20 15:00:46,2022-05-07 00:02:11,,,69,
158,14ACC7ftHQS6guKJi3FCTEyCw94dHnRZjJ,8022,,,0.04204,2020-02-24 15:58:27,2022-05-07 00:15:36,,,60,
159,13AiVabLoTcYTdaFcFYtpFFmCFagjiUwE2,8022,,,0.04204,2020-08-06 20:06:24,2022-05-07 00:15:36,,,61,
160,19yLTkx4jggSnjdiGkkhNwTjZUyY5T8kEA,8022,,,0.04204,2020-04-30 07:31:27,2022-05-07 00:15:36,,,63,
161,1CsAkAsjTTRAuRw39fRQj7pxKn3fjEuYsT,8022,,,0.04204,2020-03-16 00:02:56,2022-05-07 00:02:11,,,68,
162,18zuLTKQnLjp987LdxuYvjekYnNAvXif2b,8021,,,0.04204,2013-04-25 00:16:44,2021-06-28 11:01:26,,,31,
163,bc1ql33jue567zn2v59ycgnd63vdu9y9lsc3xy4xx9,8019,8019,8019,0.04203,2022-06-30 07:59:43,2022-06-30 07:59:43,,,1,
164,3B1HV46gEobDSpS5uXkUqtuLEPZiEAHCws,8004,,,0.04195,2022-01-21 09:48:55,2022-06-24 21:57:31,,,3,
165,3PWn1AGqo8HWH8mXSsxx1Ytk87zMAAziFU,8000,,,0.04193,2019-02-16 15:38:50,2021-07-06 13:13:11,,,13,
166,198aMn6ZYAczwrE5NvNTUMyJ5qkfy4g3Hi,8000,,,0.04193,2009-02-22 10:50:53,2022-05-03 08:13:54,,,66,
167,18f6y4uWnLd7VPzfR2c1dMboihghXYHRH3,8000,,,0.04193,2020-05-08 19:01:11,2021-07-06 13:13:11,,,61,
168,1Lan1sQzYGViDZskUFmnitJvfejn2jYdNS,8000,,,0.04193,2018-12-06 02:33:33,2021-07-06 13:13:11,,,56,
169,17RmGC3i2dASQai3mP9iJLX3ZD9TBm2YQV,8000,,,0.04193,2018-12-05 22:43:17,2021-07-06 13:13:11,,,57,
170,15mxk4fKk9ggQ4fikNWKpasahsdXZNdVu2,8000,,,0.04193,2018-12-05 19:48:58,2021-07-06 13:13:11,,,56,
171,1Fn4FSiHFr9SgbQ3ccsybN9f3RF1omst4x,8000,,,0.04193,2018-12-06 03:55:45,2021-06-12 09:57:22,,,57,
172,1HGdi2AtuvBUcdTFe62sKd7ZAFzoG7iQLb,8000,,,0.04193,2018-12-06 02:28:15,2021-06-12 09:57:22,,,57,
173,1FDzP5vQGMhCzeb9nH4AcUDnUbcHS22BMZ,8000,,,0.04193,2018-12-06 00:57:15,2021-07-06 13:13:11,,,56,
174,17J26KSDtNFPAUhCMwjcRNWhneMsXS75Ba,8000,,,0.04193,2018-12-05 21:46:54,2021-07-06 13:13:11,,,56,
175,12US3aeNibsxe7Lhascm4AmvGiTxwSdD4X,8000,,,0.04193,2018-12-06 01:15:23,2021-07-06 13:13:11,,,56,
176,17GyU83L63BtxtpDgv8LmhhtmvcrXbfVt1,8000,,,0.04193,2018-12-05 19:46:45,2021-07-06 13:13:11,,,56,
177,1Dr1pZDgpowHDGJrUNTithDL33TdriFMzE,8000,,,0.04193,2018-12-06 02:28:15,2021-07-06 13:13:11,,,55,
178,1N4yKFsFPjjoJyo3BAKUWpcs3SUghfgJkH,8000,,,0.04193,2018-12-05 21:46:54,2021-07-06 13:13:11,,,55,
179,16H2Fe9MgxZ1jXW3TaXbgWh3SJfwyxQUTp,8000,,,0.04193,2018-12-06 03:22:52,2021-06-22 05:21:13,,,56,
180,1KoiNofDvcUrrVfxgqpRZixWXNXo6d2kfQ,8000,,,0.04193,2018-12-06 00:20:19,2021-06-22 05:21:13,,,56,
181,1FMbcnYvvccZ6hR324cFRpn1QX9TCkqtAe,8000,,,0.04193,2018-12-05 21:46:54,2021-06-22 05:21:13,,,57,
182,1LRXrhZRLVTjGCPFphPsXZfeHesRigm59r,8000,,,0.04193,2018-12-06 02:28:15,2021-07-06 13:13:11,,,55,
183,15QFkJUWFZ6QRpTrzUitH2Egyf1JTngVgV,8000,,,0.04193,2018-12-05 22:45:47,2021-06-22 05:21:13,,,55,
184,1DdxS8CheskxKAPPbG8Uq4Qts8kS4x1tt2,8000,,,0.04193,2018-12-05 19:46:45,2021-07-06 13:13:11,,,55,
185,1NJdKoBkKQNg6aYL9HTKyQ5SgfjZQDz3y3,8000,,,0.04193,2018-12-06 04:09:08,2021-06-12 09:57:22,,,56,
186,12mJZGPCWf5C2ap2dUdJiuGr8eWAvi6E5M,8000,,,0.04193,2018-12-06 00:57:15,2021-06-22 05:21:13,,,56,
187,1GBWcQuY5aD6e2zrbdb38j7pizVr2wcJnC,8000,,,0.04193,2018-12-05 21:46:54,2021-06-22 05:21:13,,,55,
188,1T7m8nSs5Yh3YuLNoHPb5ehwN3LRVEchn,8000,,,0.04193,2018-12-05 19:46:45,2021-06-22 05:21:13,,,55,
189,1NQWCZqRYvANz3iX1Wnczpm277VEYvcAee,8000,,,0.04193,2018-12-06 03:55:45,2021-06-22 05:21:13,,,55,
190,1HG6NbWmJjjSE1Z6oPetWG3nnKrQxgBN3a,8000,,,0.04193,2018-12-05 22:45:47,2021-06-22 05:21:13,,,54,
191,1FrfmxAhYRNU9ebotDHP9FqLbe54QZVcfi,8000,,,0.04193,2018-12-06 04:28:17,2021-06-22 05:21:13,,,54,
192,1FtHBKrYkDchMA1pwRTpYZ77TpfwSgh6iF,8000,,,0.04193,2018-12-06 05:10:20,2021-05-30 13:52:54,,,54,
193,1JeTiSWo8pYWcNaTH4c3CfheAwVDYRoy1Q,8000,,,0.04193,2018-12-06 05:10:20,2021-05-30 13:52:54,,,68,
194,17wADqWPK8wZfpRmPkauviq2VDBmhm82rM,8000,,,0.04193,2020-03-14 08:51:28,2021-05-30 13:52:54,,,61,
195,1EUgoa25tkqMUYh7PXzDfqqNP5PtHKZmct,8000,,,0.04193,2020-03-13 21:31:57,2021-05-30 13:52:54,,,55,
196,1AfHER73jneZAEAHNiz5dBKnrzeWcMJM5i,8000,,,0.04193,2020-06-12 18:15:32,2021-05-30 13:52:54,,,53,
197,1NJdqNoC7uPh7MqQhyEynRn9htstEELZDn,8000,,,0.04193,2020-05-06 20:51:08,2021-05-30 13:52:54,,,64,
198,15TbabdR3FKJMpRxDeEetezWKGJwdGXbTY,8000,,,0.04193,2020-04-22 19:06:24,2021-05-30 13:52:54,,,67,
199,1LuEe5Xkf1eA493SvsKwjPTS9RkW9JV9N2,8000,,,0.04193,2020-08-07 19:18:04,2021-05-30 13:52:54,,,62,
200,1Ja7G9JJRw8w8WWnMzw7PwYehhiZmhESkC,8000,,,0.04193,2020-07-08 17:13:45,2021-05-30 13:52:54,,,65,
201,1CptxmzfRyU2rF3VJ6q8wa2tkh3cm82p9P,8000,,,0.04193,2020-09-13 15:16:57,2021-05-30 13:52:54,,,59,
202,1PnsNtAqmHQKxyqKS843J9aegdJsXr5rpD,8000,,,0.04193,2020-08-21 13:37:15,2021-05-30 13:52:54,,,58,
203,1JnfbQerGjFHVq28945y1bhoUHpn6vKM9v,8000,,,0.04193,2020-09-14 21:19:34,2021-05-30 13:52:54,,,61,
204,1AXskHt4ZwVZLonZV8BMDxh4V65ec41KMJ,8000,,,0.04193,2020-10-28 17:27:42,2021-05-30 13:52:54,,,60,
205,1BcAtWddaU1jHWgQvM7dpM5SefoVgUHEuC,7998,,,0.04191,2020-03-13 10:28:08,2021-05-30 13:52:54,,,58,
206,bc1qawmmv08vqqdtcmhym0hjhhmnkyad2twst0paqv,7974,,,0.04179,2022-05-12 15:49:14,2022-06-24 18:21:26,,,5,
207,33eU1zeB2S4x3p4ccSsnAChXcGJgtMrMtZ,7968,,,0.04176,2019-10-07 07:22:01,2022-05-10 02:23:50,2021-12-19 16:57:45,2021-12-19 16:57:45,23,1
208,1BAuq7Vho2CEkVkUxbfU26LhwQjbCmWQkD,7952,,,0.04168,2022-01-29 09:59:30,2022-06-24 21:57:31,,,4,
209,15Z5YJaaNSxeynvr6uW6jQZLwq3n1Hu6RX,7941,,,0.04162,2010-04-10 16:02:35,2021-08-01 19:14:31,2010-04-10 18:15:16,2010-10-15 06:22:58,107,60
210,1B4U28Yc1JmSQbpzzSfavEskTPMvBRphyD,7881,,,0.04130,2020-11-02 22:43:16,2022-05-07 00:02:11,,,56,
211,34ovCavdkQgEYbrJk9Q1onhK7uWqq6J7DC,7876,,,0.04128,2018-11-27 02:42:08,2021-10-22 22:28:29,2018-11-28 23:30:31,2020-07-14 00:20:25,109,15
212,1L3Cqe4Zrk9EVUqE628Tumxo319argfXBX,7832,7832,7832,0.04105,2022-06-25 01:05:47,2022-06-29 19:37:50,,,4,
213,1KHw7yzqoWto1DCGqn7QihoLmzbYWCqNcR,7809,,,0.04093,2019-07-18 23:08:01,2021-09-09 21:28:47,,,22,
214,3A9qNS69dngSU2ak8BwZKEExeVnL2RqpYJ,7775,,,0.04075,2020-12-16 15:22:05,2022-06-27 14:28:35,,,30,
215,14vbdGfYS7UKMvc4334UZDvTMPFA2G7zCB,7743,,,0.04058,2020-11-26 21:50:44,2022-06-04 05:03:24,,,67,
216,1K8QG4fuswaWFZ2fmmuxVKaWibi9H95iGw,7743,,,0.04058,2020-11-30 17:53:04,2022-06-04 01:52:57,,,78,
217,1B1gTRphFdSx5MBRgKfh2SRbM6XhzEfVTX,7721,,,0.04046,2022-04-29 10:24:43,2022-06-24 21:57:31,,,3,
218,3HCdgNiAsjidcGx4eeMK9AXvXBfrnteunW,7700,,,0.04035,2017-12-12 15:27:40,2021-09-09 21:28:47,,,27,
219,36uUB2n49FnePNTojY6PhqusPmEmeqEb9b,7696,7696,,0.04033,2022-06-14 04:32:17,2022-06-24 21:57:31,,,3,
220,1DwSAnZw4Gk9FotgWZhRb3Nzqi4PLdU8M,7626,,,0.03997,2020-12-01 18:17:01,2022-06-04 03:49:08,,,85,
221,1JECFWTZsRw65y65DEVR2djXv2KMYfuo7A,7626,,,0.03997,2020-12-12 11:35:00,2022-06-03 06:40:06,,,87,
222,1JKDzFHcb6KBybKSquvMw1FrxXhvBdMiB5,7626,,,0.03997,2020-12-04 20:50:37,2022-06-03 12:39:57,,,85,
223,1361wC48gW19mKAJmAkdXScLZKYdXgViS9,7626,,,0.03997,2020-12-16 16:48:42,2022-05-04 06:30:39,,,130,
224,1Mt6STNGoHGuDziUSCagqTGNGrbDFSBxRn,7626,,,0.03997,2020-12-15 18:44:52,2022-05-04 06:30:39,,,131,
225,3CsoguAb6Jz2dsSEYp8Mn4xJ34LC7fJz9g,7620,,,0.03994,2022-05-10 05:12:24,2022-06-24 21:57:31,,,3,
226,1M14kQL3zfyEAHx6JCM3gsZyAxyiSDMWdp,7519,,,0.03941,2020-12-17 04:25:55,2022-05-04 06:30:39,,,124,
227,bc1qk2q9ptkvfrtt3769hh85zvq88jyrulk6zgys2h,7500,,,0.03931,2021-07-27 13:47:45,2021-09-09 21:28:47,,,6,
228,1FZcb6BU1ZbHQJcby7vDF2Na1z9UmkGSSG,7441,,,0.03900,2020-12-18 17:43:19,2022-05-04 21:58:08,,,129,
229,19tiUa9nsPTgaqWNHaM9QyCfv4Wm9dVeYa,7441,,,0.03900,2020-12-21 15:53:02,2022-05-04 21:58:08,,,96,
230,1JFUG5K3HidvfJD4R7nKyDJikmFpPcBB2,7441,,,0.03900,2020-12-18 06:24:18,2022-05-04 21:48:05,,,133,
231,1C1sUtw6fYa1Yr5wexrH2ayT1ZykD9Sobx,7441,,,0.03900,2020-12-19 17:11:23,2022-05-04 22:10:35,,,123,
232,19RtRzXV5px91eMbWZFCWLZRUeQX5XxxnJ,7441,,,0.03900,2020-12-17 16:10:28,2022-05-04 21:48:05,,,129,
233,1BTZe5up5x86LCV9T9kz3LQkKGzcotZjYq,7395,7395,,0.03876,2022-06-19 14:20:28,2022-06-24 21:57:31,,,3,
234,1JfXLzQvYPZHNzX4vhH6aoetGDfcPD1YEX,7300,,,0.03826,2018-03-04 23:15:39,2021-09-09 21:28:47,,,24,
235,bc1qms2la25qtgh69e7v8eddhsz3gwlfzucwh6v0zvwk8ku36r3mczxq4zlfd5,7291,,,0.03821,2021-11-27 17:59:51,2022-06-24 21:57:31,2022-03-02 11:52:09,2022-03-02 11:52:09,4,1
236,18SN8PV997oDGtYmTPPD55GDaPtNNEGWeu,7119,,,0.03731,2019-06-09 14:39:23,2022-06-26 06:00:34,2019-06-10 12:48:46,2022-06-26 06:00:34,116,85
237,35h49kvohPx5Pmtpt26P8o3KuSczsFLo23,7051,,,0.03695,2021-04-29 09:47:57,2022-06-30 08:16:06,2021-04-29 12:41:27,2022-06-29 06:37:33,2980,2547
238,bc1qzk2pyxtahg64cx6gyq02vrw65fdxtpr253r4ygww9n2w2zjyy8wsnyc666,7011,,,0.03674,2020-02-25 08:28:18,2022-06-29 14:23:04,2020-02-25 08:53:43,2022-06-29 08:48:11,2417,2048
239,13eEt6myAo1zAC7o7RK5sVxxCNCAgd6ApH,7000,,,0.03669,2017-10-17 11:45:49,2021-09-09 21:28:47,,,22,
240,1DzjE3ANaKLasY2n6e5ToJ4CQCXrvDvwsf,7000,,,0.03669,2011-05-27 16:03:02,2022-06-13 11:58:40,,,44,
241,15YMdTNT83UJqfpaZfDccy9yBYQFxHxVFt,7000,,,0.03669,2018-04-20 19:26:04,2021-09-09 21:28:47,,,24,
242,324rP14bzX8kW1JWt1J8ohZjDFyt2G68Kq,7000,,,0.03669,2019-02-16 16:13:01,2021-09-09 21:28:47,,,24,
243,1FJuzzQFVMbiMGw6JtcXefdD64amy7mSCF,6999,,,0.03668,2010-11-08 16:32:00,2022-04-01 06:02:45,,,33,
244,38C7LhtsbanuGUxeXguEvm2Gm2pSN2K175,6990,,,0.03663,2021-12-22 14:43:15,2022-06-24 21:57:31,,,2,
245,1Ac6fUJ2Uw4cdXu3YFjCsSqnQGRb7KW1Ec,6989,,,0.03663,2021-10-12 13:58:10,2022-06-24 21:57:31,,,2,
246,186XqVoL7TGxR3osoo4xn32wbYtb527raY,6977,,,0.03656,2021-05-07 04:33:06,2022-06-24 21:57:31,,,4,
247,19GEVekmu7wAgPFNcQNFHE7SYoj2snindR,6955,,,0.03645,2021-12-01 17:42:23,2022-04-06 16:27:40,,,26,
248,3QsGsAXQ4rqRNvh5pEW55hf3F9PEyb7rVq,6933,,,0.03634,2019-10-14 11:53:00,2022-06-28 08:18:26,2020-11-30 22:05:08,2020-12-30 15:16:00,13278,716
249,bc1qzxwdcxqj36ane625hkgjpg6p0pjg79u29qyrus,6901,,,0.03617,2021-07-25 14:30:01,2022-01-29 13:38:24,,,27,
250,17EFzE9jRZqz72UEVzWV6syu1vvNgcsuVY,6890,,,0.03611,2022-02-23 02:25:15,2022-05-11 23:18:17,2022-02-28 21:09:23,2022-05-11 22:44:42,14,11
251,1Ac2JdpQ5c9NeSajdGx6dofxeXkn4S35ft,6878,,,0.03605,2017-07-29 03:55:33,2021-09-09 21:28:47,,,27,
252,bc1qxseuqx06djpmyumvwn02lx3q082mmnj6r0g6zxc28rkypsevpfqs8vz7lr,6731,,,0.03527,2022-02-08 03:12:17,2022-06-24 21:57:31,,,2,
253,19iqYbeATe4RxghQZJnYVFU4mjUUu76EA6,6524,,,0.03419,2020-05-13 05:11:37,2022-06-30 08:28:28,2020-05-13 05:22:17,2022-06-30 08:28:28,68735,68687
254,1LVBnipcnkwqHKaXcHeV9gcbPMvByaJkqk,6522,,,0.03418,2017-07-31 16:56:01,2022-04-19 00:14:32,,,21,
255,1AYLzYN7SGu5FQLBTADBzqKm4b6Udt6Bw6,6512,,,0.03413,2011-04-24 00:40:50,2022-06-13 11:58:40,,,29,
256,bc1qtq5zfllw9fs9w6stnfgalf9v59fgrcxxyawuvm,6511,,,0.03413,2021-03-26 15:40:21,2022-06-29 17:32:57,2021-03-29 15:08:29,2022-06-29 17:32:57,415,413
257,1NpZcfBnaJeoRT9ZqwZVRMw3SRs546VsuE,6507,,,0.03410,2014-04-14 18:50:10,2022-02-17 09:44:25,2014-04-14 18:50:10,2020-12-03 23:18:39,193,74
258,bc1qw8wrek2m7nlqldll66ajnwr9mh64syvkt67zlu,6443,,,0.03377,2021-07-28 06:54:09,2022-06-30 08:35:27,2021-07-29 07:24:06,2022-06-30 08:35:27,130431,127671
259,3JsY8m7nG2K2siHXzqto612u36hAzF7C6X,6377,,,0.03342,2021-03-01 11:59:18,2022-06-30 08:33:00,2021-08-17 15:13:57,2022-06-16 08:57:36,36,12
260,1JxmKkNK1b3p7r8DDPtnNmGeLZDcgPadJb,6316,,,0.03310,2013-04-25 00:47:34,2022-01-08 05:44:30,,,30,
261,bc1q94w3mwak5llpj4np7vj7luxuv8g6xn3my3vuas,6274,6274,,0.03288,2022-06-17 09:45:15,2022-06-24 21:57:31,,,2,
262,3QFtYbR22en2AizTb7JVFA9bL2rf1fbNJr,6256,,,0.03279,2018-11-25 01:04:57,2022-06-28 17:44:19,2018-11-27 09:51:08,2022-06-28 22:17:18,951,923
263,bc1qz3m6agu2fsa9p6475xqk777axceyl07mhvwtrv80349mxyckelustuqyc7,6226,,,0.03263,2021-09-15 04:12:03,2022-06-30 06:47:08,2021-10-07 03:34:01,2022-06-30 06:47:08,36,35
264,1LBBmkr9muf7RjjBbzQQvzNQpRRaVEnavs,6200,,,0.03249,2013-12-07 03:23:51,2021-09-09 21:28:47,,,30,
265,1JdTWTAubsDWXWd7wcsFwMuSapMBh6efrQ,6072,,,0.03182,2013-12-19 04:54:47,2021-10-10 20:54:55,,,34,
266,1EMQxNyqsSLkguWJsQmGTjwdL7YqbRVcVF,6057,,,0.03175,2022-03-31 14:25:17,2022-06-29 19:20:24,2022-03-31 15:37:01,2022-06-29 19:20:24,22,11
267,3JPauiFhP4K3AevmgNMFfMSN7pLZbuADJQ,6001,,,0.03145,2020-06-01 09:08:08,2021-06-22 05:21:13,2020-06-01 09:34:04,2021-02-10 04:15:06,32,5
268,1J3B2ucUpWjWPPpejUCoLN93Gwz3q65CTd,6000,,,0.03145,2019-07-24 18:35:27,2022-06-03 05:45:15,,,18,
269,138EMxwMtKuvCEUtm4qUfT2x344TSReyiT,5908,,,0.03096,2017-12-14 19:38:10,2021-09-09 21:28:47,,,25,
270,13n67sFKgqLDKp8gx8Xvm6scdfY4ZeaU8p,5700,,,0.02987,2017-09-21 16:00:01,2021-05-01 19:12:03,2017-11-24 06:31:19,2019-10-24 06:13:57,45,8
271,1HKrGmgY5W2FyU6FZhbT2Jd4cyLxpDXPYo,5689,5689,5689,0.02982,2022-06-30 00:43:22,2022-06-30 00:45:03,,,2,
272,1JtAupan5MSPXxSsWFiwA79bY9LD2Ga1je,5685,,,0.02980,2021-12-22 06:17:58,2022-02-23 05:54:25,2021-12-22 06:21:48,2022-02-23 05:54:25,6,2
273,3R2Hzkp1vKi5TNuLdUTiQphJQA6SKLa7zS,5650,,,0.02961,2020-08-17 23:30:29,2021-09-09 21:28:47,,,11,
274,147sPaNaqeyQp8GS2oAUajhb9d4PZ9xAv9,5650,,,0.02961,2021-01-03 01:51:23,2022-05-04 21:58:08,,,61,
275,18oP9DDaxKrC3XTMC2kZK1wLDGwUcky2oR,5648,,,0.02960,2020-10-23 19:08:06,2022-06-29 17:29:12,2020-11-05 21:20:09,2022-06-29 16:23:26,141,139
276,1DR93bfKVCUJkDvPuxbUAEtzYRaJEnwjNt,5600,,,0.02935,2017-10-06 18:06:13,2021-09-09 21:28:47,,,25,
277,1CCqLR8YrUMPFgYZWwLW8FkezbFjfeXD8n,5595,,,0.02932,2018-02-08 07:48:35,2021-09-09 21:28:47,,,22,
278,13Sscnm9MNVCLxLHCHm18dcmbroxDyN2X8,5517,,,0.02892,2020-01-13 11:37:32,2022-06-29 03:19:02,2020-01-22 22:09:54,2022-06-29 08:48:11,541,534
279,bc1quv866t7ke929gxttpgc2u30ffnczpgfrjugwxv,5500,,,0.02882,2021-01-13 14:47:30,2021-09-09 21:28:47,,,9,
280,1F3Cpgben5uRAMptnPRL9coAbKp9YmWqfb,5500,,,0.02882,2020-06-04 08:03:05,2022-06-23 21:27:36,2020-06-04 08:14:14,2022-06-29 06:37:33,213,209
281,356Zz26iW3tYd1xWJjVGa8CPbjC9W5EW9f,5500,,,0.02882,2018-10-31 22:16:32,2022-06-22 19:04:42,2020-08-21 20:06:31,2022-06-22 19:04:42,20,5
282,3ANziRvoBdNGkmGopgyhvzPuBvcL8sRL7S,5492,,,0.02878,2020-12-21 16:00:12,2022-06-02 22:41:33,2020-12-22 00:01:15,2022-06-02 22:41:33,17,6
283,bc1qrj8jwwea530rx00ldc22w8mnaclae4m54e6tgy,5482,,,0.02873,2022-01-19 19:14:15,2022-06-27 08:28:13,2022-01-19 20:20:34,2022-06-27 08:28:13,65,24
284,19VBqLkbMywnX5QMUg7LsHgbzsLh9as4MS,5402,,,0.02831,2021-07-14 18:08:23,2022-06-30 02:26:39,2021-07-16 20:04:17,2022-06-14 15:10:56,347,121
285,34Y5ZSnrqjtMHEr4aqQB16Nng8hqpyf7ne,5345,5345,,0.02801,2022-06-15 16:39:06,2022-06-24 21:57:31,,,2,
286,3HroDXv8hmzKRtaSfBffRgedKpru8fgy6M,5285,,,0.02770,2019-05-12 21:41:50,2021-06-28 23:09:01,2019-05-12 21:59:33,2021-06-28 23:09:01,157,97
287,bc1qyd2k46lzcrt3cd3z0nrt9d99z6xnzvyn2r83a5z9xfg8adpyp0ss53fnz4,5270,,,0.02762,2021-02-04 14:17:46,2022-06-18 08:56:21,2021-03-25 21:28:25,2022-01-06 14:22:45,17,9
288,3H3b3kxRwoKDnJbdV2JdhJ5h7iPsHgFN4B,5256,,,0.02754,2021-08-31 13:01:14,2021-09-09 21:28:47,,,2,
289,34Knfd3NYNomfaCTzMbL5mAcYHuMFwWP7Y,5241,,,0.02747,2021-10-15 04:17:22,2021-10-29 13:31:11,,,4,
290,1BVtDi7txPCG2TH5Crd2Rw5MtpivbmoKgB,5186,,,0.02718,2017-06-12 20:43:56,2021-09-09 21:28:47,,,22,
291,1Kr6QSydW9bFQG1mXiPNNu6WpJGmUa9i1g,5157,,,0.02703,2016-08-10 14:04:31,2022-06-30 08:33:00,2016-08-10 16:30:50,2022-06-30 08:33:00,354319,354315
292,3HNP2s6EE3GRe6bU7wwVhCAUyMucKh8Yzp,5138,,,0.02693,2021-02-20 03:43:07,2022-05-15 06:40:46,2021-03-26 05:53:42,2021-11-04 01:31:57,103,11
293,3BMEXxSMT2b2kvsnC4Q35d2kKJZ4u9bSLh,5123,,,0.02685,2019-07-17 14:13:26,2022-01-27 13:12:17,2019-07-20 13:29:00,2022-01-27 13:12:17,162,161
294,12CEGvJfHFCVGGUBTTA5yUaPHhchBPpuZK,5104,,,0.02675,2020-12-25 12:10:51,2022-05-20 02:49:40,2021-01-02 09:06:48,2022-05-20 02:49:40,60,45
295,3PdKaWwshFBWg6vAauToecqEAFtsuzyxGV,5082,,,0.02663,2020-12-02 05:49:36,2022-06-30 07:29:58,2020-12-02 08:11:57,2022-06-23 08:22:42,8513,8414
296,1BeouDc6jtHpitvPz3gR3LQnBGb7dKRrtC,5075,,,0.02660,2014-02-21 02:04:52,2021-05-29 05:13:09,2014-11-08 17:23:04,2014-11-08 17:23:04,116,6
297,15n6boxiQj45oHcmDjtNMjh35sFWZX4PBt,5002,,,0.02621,2013-12-19 04:52:50,2021-09-24 18:14:37,,,32,
298,1ByHahn2PDryrcyRvbSnQQsUsqXDN3uXPb,5001,5001,,0.02621,2022-06-19 14:07:32,2022-06-19 14:20:28,,,2,
299,3GTQBv5B4PVVRn1FqhkceoT8YLCFnVEWbo,5000,5000,,0.02621,2022-06-10 02:51:22,2022-06-14 16:25:45,2022-06-13 05:34:24,2022-06-13 05:34:24,8,4
300,1ARWCREnmdKyHgNg2c9qih8UzRr4MMQEQS,5000,,,0.02620,2011-05-17 14:09:56,2022-06-13 11:58:40,,,31,
301,18xGHNrU26w6HSCEL8DD5o1whfiDaYgp6i,5000,,,0.02620,2013-12-19 04:54:47,2021-05-29 05:13:09,,,32,
302,3JkfTdGnpNhK5xBjP6BzRsitZqnnVjQV1B,5000,,,0.02620,2021-04-01 15:58:50,2021-05-29 05:13:09,,,4,
303,bc1qlfmc6nv27d62s6zygjnjt6wm28klfh2gltg6ym,5000,,,0.02620,2021-12-03 05:04:35,2021-12-03 05:04:35,,,1,
304,1LH1dY82QFtNGinBpCakU5WcTUKRyuztTz,5000,,,0.02620,2020-06-21 09:29:29,2022-06-25 20:48:38,2020-06-21 10:53:48,2020-06-21 10:53:48,25,1
305,16Jka2DrvEGGJ6ks2kXRpxmQZLQmAFRoGk,5000,,,0.02620,2019-05-29 12:54:22,2021-05-29 05:13:09,,,16,
306,1NQEV6T4avmPqUVTvgsKkeB6yc8qnSWfhR,5000,,,0.02620,2014-04-16 17:53:08,2021-05-29 05:13:09,,,31,
307,19z6WynrjHeD5MMv6919BuQRwybuen1sRv,5000,,,0.02620,2014-04-16 18:07:07,2021-05-29 05:13:09,,,31,
308,14RKFqH45xYPMpW4KQ28RB6XtrZ8XpEM5i,5000,,,0.02620,2013-12-19 04:54:47,2021-05-29 05:13:09,,,30,
309,1DaCQDfStUgkPQXcf53Teeo6LPiKcVMBM9,5000,,,0.02620,2014-04-16 17:27:15,2021-05-29 05:13:09,,,30,
310,1NJQZhzYac89fDhQCmb1khdjekKNVYLFMY,5000,,,0.02620,2014-04-16 17:45:14,2021-05-29 05:13:09,,,30,
311,bc1q3nkt8j6rphj6ry7jynanqn8j82f9d5fxkan659,5000,,,0.02620,2021-11-30 04:15:56,2021-11-30 04:15:56,,,1,
312,12ytiN9oWQTRGb6JjZiaoWMAvF9nPWdGX1,5000,,,0.02620,2017-07-29 03:39:12,2021-05-29 05:13:09,,,24,
313,bc1qdxsg7cfsqrg8sq3cs8ptsafqs6drtyuxswrqga,5000,,,0.02620,2021-04-12 18:49:11,2021-05-29 05:13:09,,,3,
314,1LQKFmdYrN9egC5grf8Thbcuwwv4sE4RvP,5000,,,0.02620,2019-07-19 22:04:35,2021-05-29 05:13:09,,,18,
315,bc1qzwmsmdkesqecjtwtgg09zh7jeq0ny2xde9ztfe,5000,5000,5000,0.02620,2022-06-29 16:46:33,2022-06-29 16:56:12,2022-06-29 16:56:12,2022-06-29 16:56:12,2,1
316,3ELFXnaLivVJzw7s2FBdqgKsGKB4rVT8ma,4975,,,0.02607,2021-10-28 10:17:41,2022-06-29 09:53:47,2021-11-09 11:29:47,2022-06-20 06:34:26,33,25
317,bc1q7fm7g23tr9ap7pktqe32mxj7j3rls8th57edje,4906,4906,4906,0.02571,2022-06-30 07:59:43,2022-06-30 07:59:43,,,1,
318,13s2ce5YSeVeJbdjCA54r5WykWPYZg3gJH,4900,,,0.02568,2021-09-20 18:28:03,2021-09-20 18:28:03,,,1,
319,1Btud1pqADgGzgBCZzxzc2b1o1ytk1HYWC,4900,,,0.02568,2017-06-13 07:58:25,2021-05-29 05:13:09,,,24,
320,1BXZng4dcXDnYNRXRgHqWjzT5RwxHHBSHo,4900,,,0.02568,2017-06-13 07:58:25,2021-05-29 05:13:09,,,23,
321,1FXHxbZ8HiGDCUrkainA9RKzqfHHkGi1hu,4889,,,0.02562,2020-09-24 13:21:18,2022-06-29 09:50:47,2020-09-25 13:36:39,2022-04-13 08:58:22,33,7
322,1BvNwfxEQwZNRmYQ3eno6e976XyxhCsRXj,4881,,,0.02558,2013-04-25 01:03:29,2021-05-29 05:13:09,,,32,
323,1FVd6EEQnfq8UPDTzfcCBKZTR4uGGJzbgH,4847,,,0.02540,2020-07-20 20:54:14,2021-05-29 05:13:09,,,23,
324,1G47mSr3oANXMafVrR8UC4pzV7FEAzo3r9,4844,,,0.02539,2018-04-21 22:42:40,2022-06-30 08:35:27,2018-04-21 23:11:22,2022-06-30 08:35:27,1158451,1151557
325,35j7hbYS9QnKHgdrJF4MozcYwax11J58DT,4820,,,0.02526,2021-02-26 00:13:46,2021-05-29 05:13:09,,,5,
326,17spLhCpZVdQXFz2ZL1aP5gRci6RFVNhrD,4817,,,0.02525,2018-05-17 15:38:09,2021-05-29 05:13:09,,,23,
327,1Miy5sJZSamDZN6xcJJidp9zYxhSrpDeJm,4792,,,0.02511,2013-12-21 04:44:50,2021-05-29 05:13:09,,,32,
328,1AaJfJbaoP553HGpmXvqYwZ9a9q8SE9NgX,4755,,,0.02492,2020-08-26 20:11:49,2021-05-29 05:13:09,,,15,
329,1Fo497ay4yuv3zQoN9hDWTGuNb33ciioR3,4750,,,0.02489,2020-08-26 20:11:49,2021-05-29 05:13:09,,,14,
330,13brDLPdkznmpTRgwaXP7f91NhsTkMP9w4,4750,,,0.02489,2019-10-25 07:14:38,2022-06-15 20:01:21,2019-10-25 08:08:54,2020-08-28 13:06:39,24,19
331,bc1qncsa0qdrgsr58303gsnuwhd5vrm7hlkpd6klmf,4741,,,0.02485,2021-07-27 11:33:41,2021-07-27 12:36:49,,,3,
332,bc1qlu098gkdn2enjw424y5s60avpj8mphlkacus6n,4722,,,0.02475,2022-04-29 09:26:02,2022-04-29 09:26:02,,,1,
333,14UeyAD9rQCSJgdJzuzFgShq84gW62Bsat,4716,,,0.02472,2021-02-05 10:39:48,2021-06-25 15:34:27,,,66,
334,1D3mERfHYY2e96HKUZUsXX7HqHkqUFEadv,4708,,,0.02468,2021-02-05 11:33:31,2021-06-25 14:56:52,,,66,
335,1NFPNeet3ygvVZtDbxYeLECfs7g7vH8PSV,4704,,,0.02465,2021-01-04 20:50:37,2021-06-25 13:57:58,,,53,
336,1Kq6hXXiSpdp9bg9hDDyqm8ZfvgZmzchjn,4699,,,0.02463,2017-10-25 06:51:18,2021-05-29 05:13:09,,,23,
337,19CkUw43czT8yQctnHXNiB5ivNtibWbzqS,4696,,,0.02461,2021-02-03 15:20:39,2021-06-25 13:48:18,,,71,
338,1DFv3qVAbravZBZqHmoEphMDtTs2zXPYXk,4696,,,0.02461,2021-01-31 19:04:07,2021-06-25 13:48:18,,,62,
339,1JCozFUFS5TBAAbnrr9jRWDVQURo2kGeRq,4687,,,0.02456,2021-01-27 18:48:47,2021-06-25 13:05:56,,,52,
340,18gYq8BpkbcizC4jZ9zyQxo2NBVEQ2p4hM,4687,,,0.02456,2021-01-15 01:30:13,2021-06-25 13:01:35,,,49,
341,14Ngt4akcnVgaoAMxoMqz9rPcP3bYsGbbM,4687,,,0.02456,2021-01-15 01:17:51,2021-06-25 13:01:35,,,52,
342,1NSbFq6rCeSC1p2EBrov5R1uUTFRBu8tcs,4687,,,0.02456,2021-01-19 01:12:25,2021-06-25 13:01:35,,,50,
343,16b8LpbDa38xrAQHVVDrC3xyztPdRaX5a2,4687,,,0.02456,2021-01-15 01:30:13,2021-06-25 13:01:35,,,49,
344,18QCiLiXhko8pb4rqv3mCtC834tSTWHNij,4687,,,0.02456,2021-01-04 21:01:57,2021-06-25 13:01:35,,,55,
345,1PjPfocmxS262puhYqUwaagE9zBJTZHGwK,4687,,,0.02456,2021-01-19 01:12:25,2021-06-25 13:01:35,,,52,
346,1HmiKJMQH4569UMpeGX2QStUfpjx7pBKhW,4687,,,0.02456,2021-01-15 01:30:13,2021-06-25 13:01:35,,,49,
347,bc1qnrgvj22yrr5apn2020ssv897nxjaj668a6ydprpxf7gm3g49fknsndfju0,4679,,,0.02452,2019-08-31 18:34:19,2022-06-28 17:55:35,2019-09-01 12:42:07,2021-10-17 18:35:39,26,20
348,1FvkWMMH9MDMACHqynrerzduaQ5AjjZKDA,4664,,,0.02444,2021-02-04 17:39:41,2021-06-25 14:26:10,,,69,
349,1MJZLeLbsoSf2kuDr5gAX3QE93BvhvqkCC,4651,,,0.02438,2021-01-20 05:51:48,2021-06-25 13:01:35,,,58,
350,18i4YXRrhmHCXjiw5pJoSxFCy3fA4ph9Lz,4651,,,0.02438,2020-12-23 21:31:23,2022-06-14 15:10:56,2020-12-28 18:24:21,2021-11-23 18:34:35,22,6
351,1HvZQX9XkFFaNa8d5VpwMcYkyebyp6cCXM,4644,,,0.02434,2021-02-03 22:09:51,2021-06-25 13:57:58,,,71,
352,3CG73de45sR9cYLFAkzF6peRai1Q44R923,4634,,,0.02428,2019-12-05 16:33:02,2022-03-23 13:19:46,2020-08-26 18:21:54,2022-03-23 13:19:46,25,16
353,3L9hddHJMnpE1qzofQ2TSvMiiMf5ejX1Yw,4610,,,0.02416,2019-05-09 02:42:42,2021-05-29 05:13:09,2019-05-09 07:37:02,2019-07-08 14:56:59,21,3
354,3Pv6S8ZEcQLmXigA694aUZhVmnLUjNzxcc,4600,,,0.02411,2019-07-11 17:44:14,2021-05-29 05:13:09,,,16,
355,3HNYrC3gDn3jqe1GGvSnLMpyCzPT4ugjCr,4600,,,0.02411,2018-11-24 23:12:43,2022-06-30 07:59:43,2018-11-24 23:36:05,2022-06-22 22:32:12,93,74
356,18VmXvkF4cgLi35RtMiHHDpvMjUCyVpQ9x,4582,,,0.02401,2020-03-03 01:55:40,2021-05-29 05:13:09,,,15,
357,1DDWbJhKqfidczaHF1ugGP2KzPgcaU3tGD,4575,,,0.02398,2021-02-05 11:33:31,2021-06-25 15:34:27,,,67,
358,16aEn4p6hK4FMpLtJGpoQZMZ946sDg1Z6n,4503,,,0.02360,2016-03-06 08:03:46,2021-05-29 05:13:09,,,27,
359,bc1qd6dhl3px06pux9rmzw07rkd2kwj9ef36dwgqdg,4500,,,0.02358,2022-04-21 04:17:50,2022-04-21 04:17:50,,,1,
360,bc1qgzxtj07yh9jhyv0aexm2y9s4un0lz57eejyrur,4500,,,0.02358,2022-04-21 05:38:09,2022-04-21 05:38:09,,,1,
361,bc1q8wlq09pnue9hpl9r5r37zek2qapafjfhj85dgj,4500,,,0.02358,2022-04-21 05:50:43,2022-04-21 05:50:43,,,1,
362,bc1q0r3hp96aqq4akjcalasn2v79nmvewasl2sjh84,4500,,,0.02358,2022-04-21 06:47:31,2022-04-21 06:47:31,,,1,
363,bc1q4hm96naa2ydcqlxpwlvljvrnt5svm8ejcqnhj0,4500,,,0.02358,2022-04-21 05:19:58,2022-04-21 05:19:58,,,1,
364,bc1q2x6v47z3xhxu8suuzqtehf8t7v997g3cjhc6kl,4500,,,0.02358,2022-04-21 04:17:50,2022-04-21 04:17:50,,,1,
365,bc1qlnexsqagmk27ju9dmmvj470l6jsl4j6t4lm34x,4500,,,0.02358,2022-04-21 04:01:30,2022-04-21 04:01:30,,,1,
366,bc1qfkdljt8e3hqqk43nz7wsl4usrylsp4rl5d62p4,4500,,,0.02358,2020-12-28 19:43:53,2021-05-29 05:13:09,,,8,
367,bc1qxhkn652vt72zy9n2s3mkv2dk5y7ny7dmt02lr4,4500,,,0.02358,2020-12-28 19:43:53,2021-05-29 05:13:09,,,8,
368,1MLiPwYjNACQHREFKwGtkPpWgd8PqpbuQ4,4487,,,0.02351,2017-06-13 07:58:25,2021-05-29 05:13:09,,,28,
369,1G6KK2j1C7DAsPmQ6joZpAY4gN84z5Te4E,4449,,,0.02332,2021-02-25 02:45:55,2021-07-11 17:32:53,,,73,
370,1D387jd5ZuvudpUQrSv8vK5b2M1SBnvdY8,4449,,,0.02332,2021-02-23 09:06:11,2021-07-11 17:32:53,,,72,
371,1Ly9nQEyaRQoRPSAE4dABrpav2SaAR383W,4449,,,0.02332,2021-02-22 06:17:28,2021-07-11 17:32:53,,,75,
372,1GuLYGgr9FZwCBBQfDmMiJfTF4cvyrJSeu,4449,,,0.02332,2021-02-19 19:18:29,2021-07-11 17:32:53,,,78,
373,1Ms4LPLVYWCyYTAqBcotXAeizHgE778abE,4449,,,0.02332,2021-02-25 04:01:02,2021-07-11 17:32:53,,,73,
374,1ZK5rrghS3Uhnra64LiuZVupa6WTSuPfF,4449,,,0.02332,2021-02-24 10:07:34,2021-07-11 17:32:53,,,76,
375,15SGg7PpcJ7bMhENw4gc3Qp4LT6c5uLGza,4449,,,0.02332,2021-02-22 16:45:59,2021-07-11 17:32:53,,,76,
376,152BK6BQa672Dy8PHf4JQtS27pBRBiYy6e,4449,,,0.02332,2021-02-20 18:04:41,2021-07-11 17:32:53,,,84,
377,1FUpBduq45UfULPACj1Phw9hRvwroJqYUX,4449,,,0.02332,2021-02-17 21:22:10,2021-07-11 17:32:53,,,77,
378,15n6GcFRFm3287FotAWunZe58D9yXx13AB,4449,,,0.02332,2021-02-25 02:45:55,2021-07-11 17:32:53,,,74,
379,1Cm9ugUjEUyMvjB3uWxESapa861uEtcVyc,4449,,,0.02332,2021-02-23 22:25:49,2021-07-11 17:32:53,,,76,
380,154sxXJekWHQ5nPxkkaWnMghy4o9qWaNdU,4449,,,0.02332,2021-02-22 06:27:25,2021-07-11 17:32:53,,,78,
381,1Gc6ggvqHRRwyyx6rrW9Wn17bqzV7voWvD,4449,,,0.02332,2021-02-20 01:01:18,2021-07-11 17:32:53,,,78,
382,1Cw9Kyr8hKsucXTtcwuGVqeBHDrnRtXC8D,4449,,,0.02332,2021-02-09 00:28:24,2021-07-11 17:32:53,,,76,
383,12GQSEPmoCiw7zrWJbsYa5SD3hkKPSzyAq,4449,,,0.02332,2021-02-23 10:21:34,2021-06-19 16:56:38,,,74,
384,1AwimXdGoX8nR9dMagCDMGJQB62GNHgrqM,4449,,,0.02332,2021-02-17 04:51:00,2021-06-19 16:56:38,,,79,
385,1EF3T11bL7yua2yJo4waaQ3RgewNwRnKMw,4449,,,0.02332,2021-02-05 13:25:02,2021-06-19 15:40:35,,,67,
386,1CY3uBdj9ZypiiZUymr2kVSaByFdEbYrcU,4421,,,0.02317,2021-02-25 04:07:35,2021-07-11 17:32:53,,,73,
387,15fe3qyXbtR5riHAeTiUrCJpiD88FcEYN7,4390,4390,4390,0.02301,2022-06-30 00:43:22,2022-06-30 00:45:03,,,2,
388,17huUtRYdAjTwXwmcZxt216GmgCBBudbVX,4377,4377,4377,0.02294,2022-06-29 13:52:22,2022-06-29 13:52:22,,,3,
389,3FzFX9bXNYmA9nxTH51LCqm4XtCaaC6SEw,4367,,,0.02289,2021-03-09 15:23:28,2022-06-29 17:29:12,2021-03-15 19:48:20,2022-06-27 13:02:48,155,142
390,16HYWQ8HbyZV38mSAFYk5fnZgEeD27B6s2,4365,,,0.02288,2020-04-27 13:29:36,2022-06-29 17:32:57,2020-04-29 14:30:06,2022-06-29 17:32:57,1825,1798
391,1JRZC1xwXN12xeeMQexop4QkcQhZyL2fHD,4352,,,0.02281,2022-03-09 19:33:11,2022-06-17 16:56:34,2022-03-09 21:19:00,2022-03-09 21:19:00,5,1
392,18Hp8j2JMvwtPs1eqNaYEEVvuFpjQJRFVY,4333,,,0.02271,2011-08-08 11:20:12,2021-12-24 16:58:24,,,36,
393,18DowXoMUQT5EU8zPTDTrq4hrwmi8ddCcc,4330,,,0.02269,2021-12-01 14:51:49,2022-06-28 17:55:35,2021-12-02 11:57:52,2022-06-27 14:26:58,604,596
394,16eb495TbiCRbRbZv4WBdaUvNGxUYJ4jed,4322,,,0.02265,2011-08-08 11:20:12,2022-03-05 04:09:16,,,36,
395,13WWdMeTH9dhEXRT3hy9BFq4qhHWSispYr,4308,,,0.02258,2022-02-23 02:25:15,2022-03-18 18:03:04,2022-03-01 18:00:16,2022-03-01 18:00:16,6,1
396,17GGGHWtyi7e1rxnEpcKpE7fHq1UZBguAb,4301,,,0.02254,2016-11-06 17:35:38,2021-05-29 05:13:09,2017-02-08 03:48:42,2021-09-29 07:42:39,5044,333
397,3N5Nny9doXSfjYh5k9XNdG8baE1kiayx5o,4289,,,0.02248,2018-01-29 01:30:45,2021-06-09 02:35:57,,,26,
398,1KNm4K8GUK8sMoxc2Z3zU8Uv5FDVjrA72p,4274,,,0.02240,2021-12-20 21:24:15,2022-06-29 23:53:13,2021-12-28 19:55:02,2022-06-29 23:53:13,349,348
399,1JCrPqogEKEpM9fuFQV7LpF9e8cgf3YZ8m,4251,,,0.02228,2018-01-26 21:11:42,2021-10-10 20:54:55,2018-02-13 10:47:20,2018-02-13 10:47:20,25,1
400,1GDsWXPNUqKp2AtqRNZuUgzoCChuJfpi6f,4230,,,0.02217,2021-03-02 16:39:33,2021-07-11 17:32:53,,,67,
401,1AN2EJMCyKn8dcfv8gonihvRPvyYuNUuQP,4230,,,0.02217,2021-02-26 02:06:52,2021-07-11 17:32:53,,,67,
402,1PPWcRj9k2oRr2uEJUQpmTo293a68tkjTX,4230,,,0.02217,2021-02-25 04:07:35,2021-07-11 17:32:53,,,70,
403,1DTibFT2vzUhM3LjCL7PXUbwgv3KfhAD3Y,4230,,,0.02217,2021-02-26 00:13:46,2021-07-11 17:32:53,,,67,
404,124ixYbTUb5jBAsY5X9pJfimdc3x1qJSPu,4230,,,0.02217,2021-02-25 04:01:02,2021-07-11 17:32:53,,,77,
405,1MGRMRJkMvEbmSRZxtA5zkAoZiDBEnrFGj,4230,,,0.02217,2021-02-25 09:33:12,2021-07-11 17:32:53,,,68,
406,18hFBPU81kC8V4Dp4iwdwQHakKa5TW2ZkJ,4176,,,0.02188,2011-01-29 01:31:18,2021-06-09 02:35:57,2011-05-28 22:18:47,2020-07-11 08:20:46,62,9
407,34MSicAL7qVGkevFPLwyc9KohGzoUSnu3Q,4150,,,0.02175,2020-10-09 21:08:16,2022-06-15 13:33:22,2021-02-12 22:30:32,2022-02-28 21:16:31,77,53
408,1GX7i8jG8DD1mG85BNnz7xybVhSmw84Uii,4109,,,0.02153,2013-04-24 23:58:46,2021-06-09 02:35:57,,,34,
409,3FAxrWQVgNNUZ4FCjRQgzDbce1vTyonzwC,4084,,,0.02140,2018-10-22 18:18:34,2022-06-13 16:39:09,2018-10-22 19:42:39,2022-06-13 16:39:09,35,11
410,1gtmmzwhqUzhb8XoShHwgyrzbJwdZ47ok,4073,,,0.02135,2017-09-22 08:51:10,2021-06-09 02:35:57,2018-02-05 01:22:50,2019-12-10 10:34:00,65,12
411,bc1qm0w6vaup859g88d0lw2rdghhs7qy4zz6ewwfn5,4058,,,0.02127,2022-02-24 17:59:00,2022-06-29 22:24:59,2022-02-24 23:26:34,2022-06-29 22:24:59,168,165
412,3Dhk8F6KYvMyqHN1r4kAT8t7SceK7yDjA4,4057,,,0.02126,2017-12-28 13:54:31,2022-06-30 07:08:55,2018-01-06 14:00:15,2022-06-29 04:10:18,1905,1353
413,1N5NqDWiLVqtU8mEzCNEeEbQVHwuGGChJs,4049,,,0.02122,2013-12-11 10:15:43,2021-06-09 02:35:57,,,37,
414,3Jz9R3Eevdx2nrSidWt6ZB3fntznCcZ5TN,4036,,,0.02115,2018-09-25 18:21:09,2022-06-15 15:46:59,2020-08-25 17:11:47,2022-06-15 15:46:59,41,40
415,3HDCw5jHZt5J6Xm59c2NzsFezK7TeUk4Fw,4032,,,0.02113,2020-07-15 19:33:04,2021-06-09 02:35:57,,,15,
416,1eNYBayUb4UfZH1HEBeKZv1eLAB8MuXG7,4020,,,0.02107,2020-12-13 10:33:06,2021-06-09 02:35:57,,,10,
417,1VeMPNgEtQGurwjW2WsYXQaw4boAX5k6S,4000,,,0.02096,2014-11-30 14:06:15,2021-06-09 02:35:57,,,55,
418,18eY9oWL2mkXCL1VVwPme2NMmAVhX6EfyM,4000,,,0.02096,2011-06-27 21:46:13,2022-06-26 17:48:57,,,36,
419,1ALXLVNj7yKRU2Yki3K3yQGB5TBPof7jyo,4000,,,0.02096,2010-07-24 23:35:23,2022-04-01 06:02:45,,,33,
420,1LwBdypLh3WPawK1WUqGZXgs4V8neHHqb7,4000,,,0.02096,2011-05-17 13:52:51,2022-06-13 12:03:08,,,35,
421,3CkcwbJSg22rng8kmM5h3xM9wAyx9LRjTT,4000,,,0.02096,2020-06-18 06:01:29,2021-06-12 09:42:16,2020-06-18 06:33:58,2020-06-18 06:33:58,17,1
422,3DvACYtTcYh2i5cPmjs1APsbxpW4BxuJAU,4000,,,0.02096,2020-06-18 06:01:29,2021-06-12 09:42:16,2020-06-18 06:40:41,2020-06-18 06:40:41,16,1
423,34dUnJZeubiRPRwcPTKSCheijXjGTMpppX,4000,,,0.02096,2020-06-18 06:01:29,2021-06-12 09:42:16,2020-06-18 06:33:58,2020-06-18 06:33:58,16,1
424,3QbrveqTynaBCkLErjkKpQiTtNwXxZMB57,4000,,,0.02096,2020-06-18 06:01:29,2021-06-12 09:42:16,2020-06-18 06:40:41,2020-06-18 06:40:41,16,1
425,3Bg2GznyRPA7hKb8djGwRZjr87XR3MrUgZ,4000,,,0.02096,2020-06-18 06:01:29,2021-06-12 09:42:16,2020-06-18 06:47:23,2020-06-18 06:47:23,16,1
426,3QjeqXjQezmmC4rueLJh1d4pHKDPQiomBJ,4000,,,0.02096,2020-06-18 06:01:29,2021-06-12 09:42:16,2020-06-18 07:00:50,2020-06-18 07:00:50,16,1
427,3KFiNrDGfKotN9bb6DS6MKEhtuczpx8P87,4000,,,0.02096,2020-06-18 06:01:29,2021-06-12 09:42:16,2020-06-18 06:33:58,2020-06-18 06:33:58,15,1
428,3MD3yyLUJLGwB5JgcPot92mwfHNE2MxwLe,4000,,,0.02096,2020-06-18 06:01:29,2021-06-12 09:42:16,2020-06-18 06:33:58,2020-06-18 06:33:58,15,1
429,3311NrsdWmckE8NL5CbAZV3RcKTM8vSChV,4000,,,0.02096,2020-06-18 06:01:29,2021-06-12 09:42:16,2020-06-18 06:35:33,2020-06-18 06:35:33,15,1
430,1MPsPzkBK3w8J6CJyAFUkoiSaxTqWRabsk,4000,,,0.02096,2019-07-24 18:35:27,2021-06-12 09:42:16,,,18,
431,37TTwX8uGwjWApXL8GbwU9p7vHoAupCFcw,4000,,,0.02096,2022-01-20 14:22:30,2022-05-24 15:57:53,2022-03-11 21:59:40,2022-03-11 21:59:40,7,1
432,1HJDQbLauXEkzsTujzw5PaAqbcDCBeLiq1,4000,,,0.02096,2019-07-24 18:35:27,2021-06-12 09:42:16,,,18,
433,1JUuAaHSuxy4hSuBz3HknjLdCtmL28Hcj8,4000,,,0.02096,2017-10-19 19:20:20,2021-06-12 09:42:16,,,24,
434,1DWB2HajYBcDBuB2iSGzRVaCpcQKEPvCsj,3997,,,0.02095,2019-06-28 14:50:23,2021-06-12 09:42:16,,,18,
435,3QBgPq9x1qqBTAdjYvyapgwtZsQMUeiJkF,3982,,,0.02087,2022-04-02 11:33:52,2022-04-02 12:01:49,2022-04-02 12:01:49,2022-04-02 12:01:49,2,1
436,15MZvKjqeNz4AVz2QrHumQcRJq2JVHjFUz,3963,,,0.02077,2011-01-13 13:30:16,2021-06-12 09:42:16,,,40,
437,3K6zNdH8bhefaVD7ob2RchKSmiXr5bZes4,3958,,,0.02074,2021-04-29 17:07:42,2021-06-12 09:42:16,,,3,
438,35h3wuHCVzuULtL7nRtYq9bzWVRR554QbY,3950,,,0.02070,2017-08-22 04:35:50,2021-06-12 09:42:16,,,26,
439,1D9Tagw8NWdG63XE5Sy8PsGHxtEyVJWQrg,3933,,,0.02061,2018-05-02 19:00:54,2021-06-12 09:42:16,,,21,
440,1812yXzGSekCMvWE477MK9q7PDYcdSNBNT,3901,,,0.02044,2020-05-24 16:38:10,2021-06-12 09:42:16,,,16,
441,bc1q83q5muymap0lx8ga9ujl8cutegj69fygsxp6pr,3900,,,0.02044,2022-04-12 07:25:30,2022-06-21 13:29:54,2022-04-23 08:47:37,2022-05-31 03:17:54,20,13
442,124YoiaSaUssbBeP5RukbSN9Evc3UJfwPj,3886,,,0.02036,2016-11-26 06:39:22,2022-06-29 09:53:47,,,2858,
443,bc1q9uh96nfn46qkldqxk4r8glj4k4dcay4q69tc45,3818,3818,3818,0.02001,2022-06-30 07:59:43,2022-06-30 07:59:43,,,1,
444,1Lb8AF3kicbtrqTwRGjz6skRqMJG4WiShW,3791,,,0.01987,2021-12-29 19:34:35,2022-05-03 21:50:38,2022-01-03 23:28:32,2022-05-03 21:20:06,19,11
445,358yyKd4S7Z1hFqUcKPKBnR4GzViRge9zB,3771,3771,3771,0.01976,2022-06-30 07:59:43,2022-06-30 07:59:43,,,1,
446,188r3qaNRfFMVebuPDVEHBzKmWfTSdBj7p,3740,,,0.01960,2018-12-16 23:35:51,2022-06-28 14:00:48,2019-05-01 00:47:30,2022-06-28 01:26:22,195,191
447,16J5dHdRbgoZ9VmLkEGJnk2eLXpQefYJTe,3734,,,0.01957,2021-06-03 18:30:32,2021-06-12 09:42:16,,,2,
448,1yAFNheT6MyMddhYXqjW9yYgNh6KiKTWb,3716,,,0.01948,2017-12-28 06:20:08,2021-06-13 02:29:41,,,26,
449,bc1qj3trdra96pql62wsarz32a0xgygagaeq7esgcg8r7yxqd7l579msxp4ey0,3714,3714,,0.01946,2022-06-06 09:25:46,2022-06-06 09:25:46,,,1,
450,bc1q6cfpun7ns559emh29ylza6wgkgurt3xaf7xvjn8v89r5j98t69zqkd8gra,3692,3692,,0.01935,2022-06-15 21:11:38,2022-06-15 21:11:38,,,1,
451,31oPJn8YkoaYYe2aTEAAocCJqBxzHpugQt,3683,,,0.01930,2018-10-11 02:38:53,2022-06-28 16:03:37,2018-10-11 03:05:19,2022-06-27 03:33:07,1893,1308
452,1GMFSWQQQhCQyRNQcac9tDKcvqYCuripVs,3674,,,0.01926,2013-04-25 02:09:35,2021-06-09 09:39:20,,,30,
453,1P7Adczd3ikxfCzTGtZBAYNLS1pxoTnZPW,3623,,,0.01899,2018-10-25 01:19:48,2021-06-09 09:39:20,,,55,
454,bc1qkqpfk4za0tjwyra0u7crtysx8ang5xmths5s5v,3610,,,0.01892,2021-11-01 02:29:34,2021-11-01 02:33:45,2021-11-01 02:33:45,2021-11-01 02:33:45,2,1
455,3FpBCFrSNU8R6ppRULGvsBa2BQEXta1CiQ,3602,,,0.01888,2022-02-04 23:54:58,2022-02-04 23:54:58,,,1,
456,14mPMrRm6TdjqHZhd7aBUbuWt5MYWReukR,3600,,,0.01887,2013-03-13 08:10:00,2021-06-09 09:39:20,,,31,
457,bc1q9gkp6stycd870sc9sv70ulj7esd7ynmgqfdaud,3573,,,0.01873,2020-12-28 19:40:43,2021-06-09 09:39:20,,,7,
458,18h6Qix8BKR6xJBfhNNrkftPkWT98ggd4R,3565,,,0.01868,2020-12-13 06:26:49,2022-06-28 08:24:07,2022-06-28 07:55:47,2022-06-28 08:24:07,11,2
459,174uzhhPu3tVNLw5fqEpQxPQaT3LS9eYsE,3562,,,0.01867,2022-05-17 09:56:23,2022-06-28 10:46:28,2022-05-18 08:28:57,2022-05-18 08:28:57,8,1
460,bc1qg87c30jyj5nrf3jl2puv2w9fyy9pfp554sxn9t,3552,,,0.01862,2020-12-28 19:40:43,2021-06-09 09:39:20,,,7,
461,3EiAcrzq1cELXScc98KeCswGWZaPGceT1d,3541,,,0.01856,2018-11-01 14:48:49,2022-06-30 08:07:26,2018-11-10 21:42:01,2022-06-30 08:07:26,22005,21850
462,bc1qd3a6eefkkurt4ddxhj902p6wpvvhl2fyasqaag,3537,,,0.01854,2021-12-06 20:35:10,2021-12-06 20:35:10,,,1,
463,1PuXkbwqqwzEYo9SPGyAihAge3e9Lc71b,3525,,,0.01847,2020-10-23 07:15:27,2022-01-22 04:38:41,2020-10-23 09:07:05,2022-01-22 04:38:41,44404,43775
464,bc1q9x82ww3mngsvpdmq30t6m4gmhksdwdaaprlpvr,3512,,,0.01840,2020-12-28 19:40:43,2021-06-13 02:29:41,,,7,
465,bc1qhkya3avpxfm0pajdw0h89gaa08vyk924zj67v0,3502,,,0.01836,2020-12-28 19:40:43,2021-06-09 09:39:20,,,7,
466,bc1qg2v98m3p22myv3dtn8wmaeg0s6ffyyhanzcrw3,3500,3500,,0.01834,2022-06-04 01:43:40,2022-06-04 01:43:40,,,1,
467,1HRpC4MqQsvFpQRpXtxnyB1Y3YQfwY21Du,3500,,,0.01834,2017-10-19 19:50:39,2021-06-13 02:29:41,,,19,
468,bc1qkj2qdzlzh2aptn5cu52ucf3nkmjj9x89qrd0tr,3500,,,0.01834,2020-12-28 19:43:53,2021-06-09 09:39:20,,,7,
469,34RHvKnrRzG3YMBos5utJh4jU5JYvN8gsp,3500,,,0.01834,2021-10-28 10:17:41,2022-03-17 07:15:19,2021-12-03 16:14:19,2022-01-19 15:18:40,6,4
470,3PFMD9zQ1xRgBXBFSHzoo7eqAaCPL9L7wq,3500,,,0.01834,2021-10-28 10:17:41,2022-03-17 07:15:19,2021-11-26 22:04:45,2021-12-08 17:16:26,6,4
471,3ER1pt6BBn1BftEXEnN4bptukpj2FZgJFW,3500,,,0.01834,2020-04-30 07:31:27,2022-06-30 06:47:08,2020-04-30 09:59:53,2022-06-30 06:47:08,258,215
472,3MmBnuq1K4FjWjViZbuDwSWkH6bL8MmcAC,3482,,,0.01825,2022-02-10 16:03:51,2022-06-07 20:24:38,,,4,
473,1FishZMR2YSmussTBMCPirja83C3d3CCTX,3465,,,0.01816,2016-01-23 12:56:44,2021-05-28 05:09:06,2016-01-23 13:11:28,2021-04-01 13:15:42,98,68
474,1478YKRxUK9qtJ9emedkbbP1MLDzv2DJu9,3450,,,0.01808,2021-12-01 18:51:01,2022-06-23 21:07:36,2021-12-02 21:32:59,2022-06-16 14:56:05,75,41
475,1PNkzoSzRgMEZusn62vR4SJsFci18gP46C,3444,,,0.01805,2020-08-25 06:19:37,2022-06-10 10:18:08,2020-08-27 21:16:52,2022-05-09 18:17:08,32,30
476,17sdJUuR27w5vJrDP2wqEwcSUo7z3r4X1D,3442,,,0.01804,2018-08-22 14:36:01,2022-06-27 15:00:33,2018-09-29 21:30:34,2022-06-27 15:00:33,59,58
477,1fw4PbvZXdzbKo5WD3hdSvqKDze3g4HHe,3440,,,0.01803,2018-08-22 16:41:39,2022-05-27 14:53:35,2018-09-28 23:39:39,2022-05-27 14:53:35,44,36
478,3M64heKDK8hMAk61dNKDfoHh9r8uSUktzv,3427,3427,,0.01796,2022-06-15 19:02:21,2022-06-15 20:21:59,,,2,
479,bc1q0ydd6jgu4njfura3nm9t0fw9mkfgvad0qf9xn2,3425,,,0.01795,2021-07-25 14:13:16,2021-07-25 22:47:35,,,10,
480,bc1q8cexgrmmay8ut9v8lfawpsclngzcccmh0xnxqe,3420,3420,3420,0.01792,2022-06-29 07:19:13,2022-06-30 08:16:06,,,3,
481,3QVD5HvPJLbQhDsDdoDZtW9cwZG3mEFzRN,3417,3417,,0.01791,2022-06-02 16:58:33,2022-06-15 14:31:49,,,2,
482,385VzfGx8gi89AccnhMynEx7cWWVLREXW6,3411,,,0.01788,2020-03-12 14:08:48,2021-06-09 09:39:20,,,15,
483,bc1qfd9wg4eh4ey7ar9my04xk67mxf7rax8nkuwqjqwpttkcqj6wqkcq3kpx98,3401,,,0.01782,2020-03-03 05:46:08,2022-06-25 00:35:16,2020-06-01 15:28:08,2022-06-27 22:47:40,185,132
484,32iNZDYtEhe8UuJoUbsBMvWDafr6u32TPC,3398,,,0.01781,2019-05-28 22:58:27,2022-06-17 12:06:46,2020-07-02 00:21:54,2022-02-24 09:28:31,122,67
485,bc1qytjrhq2te0knltlwmx2n6gzqmgkfz7zd7aekcysyvk6xnvrdvyssm0uejx,3371,3371,3371,0.01767,2022-06-30 08:35:27,2022-06-30 08:35:27,,,1,
486,bc1q6t69w93w3gf3jpv4jayuw4qaft5f09cf5adzgg3zyy87z4de945qh63y8y,3368,,,0.01765,2021-04-27 02:25:55,2021-04-27 02:25:55,,,1,
487,3NXZ88Erpa6yFn2Sw7s658PV7z7e8y4XpH,3356,,,0.01759,2021-11-29 04:45:52,2021-11-29 04:45:52,,,1,
488,1KWf8LsYogaUKXqBD7pHDCrW5b6g5Pwujz,3350,3350,3350,0.01756,2022-06-22 23:59:53,2022-06-30 01:18:40,,,11,
489,1FvUkW8thcqG6HP7gAvAjcR52fR7CYodBx,3350,,,0.01756,2010-08-07 04:53:03,2021-06-09 09:39:20,2010-08-18 20:58:26,2011-04-24 05:44:11,39,2
490,1GfaQQ4XXqtrVXKhcS7pYgEKx8ZiFtrwEF,3349,3349,3349,0.01755,2022-06-29 16:46:33,2022-06-30 01:18:40,,,5,
491,1BQN5YFDvYpU11b7V57w5RerYYhhdHFfmk,3347,,,0.01754,2016-09-08 13:50:15,2022-01-25 22:52:38,2016-09-08 23:19:39,2020-02-04 16:03:42,49,16
492,1993iBshpkvGAxC1BgRUqDoCfr67h7LPxQ,3344,3344,3344,0.01752,2022-06-27 07:43:40,2022-06-29 16:46:33,,,8,
493,1Mkbhd9oGEnigqpT3AwTK7nUQmb2EfssPe,3344,3344,,0.01752,2022-06-21 21:10:07,2022-06-29 16:46:33,,,8,
494,1PrKN9pGDeYYpAkqBf9ENB7Hq5CwUHdVBC,3340,,,0.01751,2021-03-05 02:26:19,2021-06-18 14:49:33,,,55,
495,bc1qrh0mk4hec7edmarnalse77an5rdpq7an6048rk,3336,,,0.01748,2021-10-12 04:07:56,2021-10-12 04:07:56,,,1,
496,33wD5q7SqoJst6HfvRvQgyXomMiKS3E2nR,3333,3333,3333,0.01747,2022-06-30 07:59:43,2022-06-30 07:59:43,,,1,
497,1V5a5bfo8jttoYSvPQtxuh3QXS8QKQPwM,3331,3331,3331,0.01746,2022-06-22 14:04:16,2022-06-22 23:59:53,,,6,
498,1LNHExQfnW6YPCDPTbiWi3MZthGEwfn9Zs,3330,3330,,0.01745,2022-06-20 16:51:03,2022-06-20 16:51:03,,,5,
499,16JipQam6GAzL39E9R4nufkhpFyr7H8iu1,3330,3330,,0.01745,2022-06-19 11:19:00,2022-06-20 16:51:03,,,9,
500,bc1qm9vv9nuwfevdyrdqve7kd3nlkfrxp9zpvr4r2u,3314,,,0.01737,2020-08-20 13:01:16,2022-06-30 06:47:08,2020-08-20 13:01:16,2022-06-29 09:50:47,27920,27883
